date,month,d1,d2,d3,d4,d5,d6,d7,d8,d9,d10
192607,07,1.06,3.36,5.36,8.43,11.84,16.11,26.63,47.25,91.35,317.88
192608,08,1.06,3.37,5.35,8.53,11.96,16.37,26.99,47.72,94.36,329.03
192609,09,1.07,3.46,5.55,8.78,12.27,17.07,27.33,48.3,95.04,340.21
192610,10,1.08,3.38,5.41,8.69,12.18,17.03,26.61,48.39,93.67,342.62
192611,11,1.03,3.31,5.23,8.3,11.79,16.53,25.61,46.67,90.3,333.2
192612,12,1,3.29,5.1,8.74,12.19,17.05,26.42,47.98,93.46,338.85
192701,01,0.99,3.4,5.35,8.91,12.23,17.13,26.58,49.23,95.55,346.33
192702,02,1.04,3.45,5.4,9.14,12.13,17.46,26.96,49.49,95.71,344.65
192703,03,1.11,3.72,5.68,9.69,12.76,18.82,28.8,51.32,100.12,356.88
192704,04,1.05,3.6,5.62,9.55,12.29,18.13,28.63,50.13,98.75,361.07
192705,05,1.1,3.78,5.77,9.58,12.33,18.11,28.59,49.99,98.26,364.99
192706,06,1.21,4.14,6.3,10.39,12.97,19.65,30.34,52.76,104.18,383.08
192707,07,1.03,3.26,6.19,9.32,12.86,18.74,29.42,50.28,96.69,370.65
192708,08,1.1,3.42,6.46,9.85,13.24,19.76,31.03,53.27,102.6,401.28
192709,09,1.08,3.41,6.43,9.84,13.07,19.81,31.14,54.3,103.89,411.08
192710,10,1.08,3.39,6.52,10.08,13.19,20.61,32.69,56.39,108.02,431.4
192711,11,1.07,3.12,6.34,9.96,12.84,20.01,31.71,54.54,102.99,416.2
192712,12,1.23,3.45,7.18,10.57,13.75,21.59,34.18,58.64,110.46,439.47
192801,01,1.27,3.59,7.23,10.71,14.05,22.77,34.47,60.34,115.52,442.88
192802,02,1.41,3.78,7.51,10.9,14.46,22.97,35.05,60.71,116.05,435.47
192803,03,1.39,3.7,7.26,10.51,13.85,22.55,34.09,58.2,113.59,430.78
192804,04,1.45,3.84,7.95,11.15,14.97,24.24,35.84,64.86,121.16,470.45
192805,05,1.79,4.16,8.78,12.04,16.08,25.34,38.42,67.65,126.39,486.71
192806,06,1.98,4.48,9.27,12.25,16.36,25.86,38.84,68.85,128.51,490.41
192807,07,1.53,4.21,7.12,11.13,16.77,24.77,36.77,63.39,125,474.06
192808,08,1.52,4.27,6.99,11.02,16.9,25.02,37.14,63.8,126.93,477.02
192809,09,1.54,4.44,7.17,11.64,17.73,26.81,39.97,68.94,134.76,508.04
192810,10,1.67,4.61,7.47,12.37,18.37,28.48,41.86,72.31,138.41,518.19
192811,11,1.72,4.77,7.57,12.67,18.96,28.79,42.16,71.87,141.55,526.33
192812,12,1.92,5.54,8.27,13.62,20.94,33.07,47.2,78.83,155.58,591.02
192901,01,1.75,5.4,8.03,13.52,20.97,33.09,48.34,79.57,156.95,588.49
192902,02,1.83,5.6,8.01,13.98,21.19,33.65,50.28,82.95,165.61,620.73
192903,03,1.83,5.55,8.14,14.19,21.16,34.15,51.6,82.26,164.21,617.79
192904,04,1.8,5.31,7.83,13.3,20.31,32.4,49.18,79.6,162.46,621.24
192905,05,1.86,5.28,7.7,13.7,20.65,32.86,50.77,79.71,164.79,632.27
192906,06,1.57,4.6,6.51,12.33,18.75,29.7,46.59,75.09,157.77,597.22
192907,07,1.52,4.65,8.56,13.66,21.37,30.85,47.11,85.35,166.92,652.13
192908,08,1.5,4.57,8.62,13.91,21.79,31.37,48.13,87.28,174.52,687.54
192909,09,1.46,4.44,8.7,14.05,21.8,32.2,49.97,90.6,187.91,756.62
192910,10,1.38,4.1,8.33,13.38,21.09,31,47.63,87.79,180.96,716.64
192911,11,1.07,3.27,6.4,10.93,16.45,25.1,36.84,69.29,146.12,580.13
192912,12,0.95,2.78,5.53,9.51,14.35,22.05,32.26,61.28,129.59,505.11
193001,01,0.84,2.62,5.12,9.16,14.17,21.67,31.98,60.14,133.41,514.37
193002,02,0.98,2.94,5.77,10.01,15.05,23.31,34.21,63.11,138.65,539.01
193003,03,1.02,3.03,5.9,10.3,15.3,24.03,34.31,64.56,142.52,552.24
193004,04,1.15,3.39,6.57,11,17.14,25.5,36.81,69.64,149.91,593.32
193005,05,1.04,3.17,6.47,10.25,16.72,24.07,34.39,66.14,142.35,587.48
193006,06,1,3.02,6.1,9.93,16.34,23.3,32.74,64.49,140.47,580.6
193007,07,0.78,2.38,4.63,7.73,11.57,18.42,27.98,51.83,115.98,518.71
193008,08,0.81,2.44,4.73,8.08,12.02,19.23,28.99,53.6,121.35,539.79
193009,09,0.76,2.34,4.63,7.95,11.59,19.04,28.52,53.56,120.12,542.13
193010,10,0.64,1.81,3.78,6.74,9.85,16.13,23.63,46.5,102.85,477.04
193011,11,0.6,1.6,3.36,5.98,8.88,14.35,21.49,41.63,90.84,437.27
193012,12,0.57,1.54,3.26,5.81,8.74,14.1,20.86,40.7,87.99,422.82
193101,01,0.46,1.26,2.72,4.97,7.68,12.57,18.46,36.59,77.98,394.48
193102,02,0.56,1.48,3.16,5.59,8.36,13.86,19.62,39.06,85.07,414.06
193103,03,0.71,1.85,3.6,6.2,9.45,15.74,22.15,42.54,95.18,454.9
193104,04,0.7,1.69,3.44,5.95,8.89,14.77,20.27,39.2,86.55,427.19
193105,05,0.58,1.39,2.86,4.95,7.61,12.6,17.43,34.46,75.47,390.16
193106,06,0.52,1.18,2.56,4.49,6.71,10.82,14.85,28.8,63.21,339.65
193107,07,0.46,1.48,2.79,4.75,7.3,11.25,18.15,33.45,74.9,404.67
193108,08,0.46,1.36,2.63,4.41,6.64,10.28,16.92,31.07,68.89,378.41
193109,09,0.42,1.29,2.54,4.39,6.43,10.12,16.73,31.53,68.32,376.38
193110,10,0.3,0.86,1.74,2.98,4.31,6.77,12.06,21.64,45.84,269.12
193111,11,0.3,0.92,1.84,3.28,4.62,7.47,12.93,23.69,49.46,288.93
193112,12,0.27,0.81,1.7,2.96,4.35,6.78,11.78,21.64,44.28,261.27
193201,01,0.21,0.62,1.37,2.53,3.49,5.64,10.48,18.35,36.93,225.75
193202,02,0.24,0.67,1.44,2.67,3.65,5.74,10.25,18.05,37.82,219.89
193203,03,0.24,0.71,1.49,2.6,3.62,5.75,10.44,18.58,39.05,232.7
193204,04,0.21,0.62,1.3,2.37,3.1,5.07,9.55,16.55,34.66,204.94
193205,05,0.17,0.47,1.01,2.04,2.5,4.32,8.08,13.59,28.44,166.89
193206,06,0.16,0.42,0.81,1.64,1.88,3.27,6.5,10.99,21.83,131.95
193207,07,0.12,0.35,0.67,1.17,1.91,2.88,5.13,9.53,22.36,134.47
193208,08,0.18,0.51,1.03,1.72,2.64,4.18,6.76,13.62,31.08,176.67
193209,09,0.4,0.92,1.83,2.86,4.14,6.71,10.25,20.85,44.62,232.66
193210,10,0.34,0.81,1.62,2.65,3.9,6.11,9.81,19.37,43.44,225.84
193211,11,0.27,0.65,1.28,2.07,3.11,4.81,8,15.91,36.6,199.49
193212,12,0.24,0.58,1.13,1.86,2.87,4.43,7.29,14.77,34.06,187.66
193301,01,0.21,0.5,1.04,1.67,2.75,4.41,7.07,14.97,34.69,196.61
193302,02,0.21,0.5,1.07,1.79,2.88,4.59,6.99,15.77,35.36,197.64
193303,03,0.17,0.44,0.82,1.42,2.36,3.75,5.93,13.33,29.11,167.21
193304,04,0.18,0.5,0.94,1.6,2.53,4.02,6.65,14.69,30.41,168.54
193305,05,0.27,0.75,1.43,2.48,3.83,6.33,10.11,21.73,44.58,227.45
193306,06,0.58,1.45,2.52,4.15,5.95,9.02,14.08,27.98,54.39,265.2
193307,07,0.67,1.51,2.61,4.24,6.33,9.67,17.17,30.61,62.32,305.19
193308,08,0.65,1.41,2.47,3.76,5.4,8.27,15.71,26.73,55.72,277.45
193309,09,0.67,1.48,2.63,4.05,6.09,9.52,18.05,31.22,63.5,307.41
193310,10,0.55,1.22,2.19,3.38,5.21,7.98,15.48,27.55,56.68,275.35
193311,11,0.5,1.04,1.92,2.99,4.56,7.03,14.23,24.71,52.32,253.18
193312,12,0.51,1.13,1.95,3.15,4.85,7.55,15.31,26.84,56.41,279.15
193401,01,0.48,1.14,2.06,3.22,4.98,7.86,15.45,27.25,57.35,282.41
193402,02,0.69,1.62,2.7,4.35,6.25,10.12,18.68,31.47,65.44,310.94
193403,03,0.75,1.76,2.78,4.39,6.24,10.43,18.21,31.02,63.36,300.73
193404,04,0.76,1.77,2.84,4.42,6.33,10.39,18.3,31.26,63.69,298.16
193405,05,0.78,1.85,2.85,4.36,6.19,10.21,17.74,30.77,63.01,291.61
193406,06,0.66,1.59,2.56,3.91,5.61,9.2,15.86,28.41,57.73,271.59
193407,07,0.49,1.3,2.32,3.69,5.63,9.13,16.3,28.73,58.38,275.94
193408,08,0.39,0.97,1.76,2.85,4.48,7.46,13.71,24.3,49.9,251.6
193409,09,0.41,1.11,2,3.1,4.96,8.1,14.69,25.87,52.65,262.32
193410,10,0.39,1.09,1.93,3.04,4.88,8.02,14.77,25.51,52,261.42
193411,11,0.39,1.07,1.91,2.97,4.74,7.87,14.56,25.07,51.46,256.35
193412,12,0.45,1.23,2.19,3.38,5.41,8.76,16.34,28.03,55.71,274.12
193501,01,0.46,1.25,2.27,3.44,5.52,8.91,16.66,28.46,55.72,272.09
193502,02,0.44,1.21,2.16,3.33,5.26,8.76,15.93,27.03,52.85,263.67
193503,03,0.38,1.11,2.05,3.12,5.1,8.36,15.47,26.56,51.69,257.71
193504,04,0.34,0.99,1.81,2.87,4.71,7.69,14.53,25.16,48.92,249.24
193505,05,0.38,1.1,2.01,3.17,4.99,8.41,15.34,26.73,53.75,271.79
193506,06,0.38,1.1,2.04,3.29,4.98,8.51,15.41,27.18,56.1,280.74
193507,07,0.35,0.98,1.99,3.4,5.64,9.3,16.29,28.63,61.46,301.8
193508,08,0.41,1.13,2.26,3.91,6.28,10.35,17.54,30.69,65.78,323.04
193509,09,0.48,1.31,2.53,4.2,6.81,10.96,18.05,31.37,67.71,328.21
193510,10,0.48,1.33,2.58,4.35,7.16,11.13,18.33,32.05,69.19,335.21
193511,11,0.51,1.45,2.88,4.74,7.81,12.25,19.35,34.52,75.35,356.01
193512,12,0.69,1.88,3.33,5.18,8.55,13.29,20.67,36.06,79.12,368.89
193601,01,0.71,1.92,3.56,5.58,9.02,14.62,22.11,38.19,82.31,381.2
193602,02,1,2.33,4.17,6.4,9.81,16.22,24.29,39.97,89.92,402.82
193603,03,1.09,2.56,4.4,6.7,10.36,16.64,24.95,41.79,93.41,408.44
193604,04,1.1,2.6,4.47,6.77,10.53,17.6,25.11,41.17,93.6,411.64
193605,05,0.83,2.22,3.74,5.72,9.26,15.66,22.57,37.01,83.8,383.45
193606,06,0.89,2.34,3.87,6.13,9.91,16.56,23.44,38.37,87.69,401.95
193607,07,0.76,2.15,4.03,6.25,10.19,15.16,22.61,37.21,85.75,409.36
193608,08,0.84,2.34,4.3,6.93,11.08,16.52,24.45,40.18,90.23,435.28
193609,09,0.86,2.41,4.28,7.16,11.32,16.95,25.15,40.94,91.07,435.63
193610,10,0.92,2.55,4.41,7.37,11.81,17.36,25.5,42.01,91.82,435.68
193611,11,0.98,2.74,4.68,7.85,12.31,18.33,26.78,44.82,97.17,469.22
193612,12,1.23,3,5.14,8.65,13.55,19.57,27.98,47.12,99.21,475.55
193701,01,1.3,3,5.31,9.02,13.92,19.73,28.65,47.22,99.68,470.16
193702,02,1.53,3.32,5.85,9.6,14.98,21.06,29.93,49.16,102.07,482.85
193703,03,1.62,3.57,5.83,9.79,15.48,21.43,30.85,50.21,103.89,483.79
193704,04,1.63,3.69,5.73,9.73,15.34,21.3,31.17,50.53,104.57,477.93
193705,05,1.36,3.05,5.09,8.5,13.83,19.57,28.44,45.44,96.85,445.77
193706,06,1.3,2.96,4.88,8.35,13.71,18.82,27.81,44.54,93.64,443.79
193707,07,1.01,2.82,4.61,7.73,11.79,16.63,24.73,40.57,88,422.17
193708,08,1.14,3.14,5.04,8.45,12.96,18.09,26.89,43.85,96.4,458.51
193709,09,1.04,2.94,4.81,7.98,12.31,17.04,25.53,41.74,91.59,433.34
193710,10,0.8,2.24,3.73,6.25,9.68,13.57,20.35,34.64,76.4,381.11
193711,11,0.73,2.05,3.27,5.57,8.57,11.97,18.09,31.61,68.25,345.17
193712,12,0.63,1.76,2.83,4.92,7.52,10.81,15.95,28.62,61.69,313.73
193801,01,0.55,1.48,2.41,4.26,6.49,9.56,14.27,26.78,57.76,301.58
193802,02,0.58,1.57,2.54,4.43,6.84,9.83,14.55,27.28,57.1,301.61
193803,03,0.57,1.63,2.71,4.7,7.28,10.43,15.4,28.83,62.38,315.67
193804,04,0.41,1.09,1.91,3.36,5.08,7.71,11.19,21.83,46.63,241.12
193805,05,0.49,1.35,2.3,3.97,6.17,9.01,13,25.38,53.83,273.22
193806,06,0.45,1.24,2.13,3.71,5.75,8.43,12,24.23,50.84,263.18
193807,07,0.55,1.63,2.98,4.83,7.24,10.5,15.39,27.07,63.89,319.72
193808,08,0.66,1.89,3.44,5.49,8.23,11.64,17.25,30.26,68.32,339.27
193809,09,0.57,1.72,3.16,5.22,7.74,11.05,16.32,28.86,65.43,331.86
193810,10,0.54,1.65,3.07,5.08,7.54,10.85,16.12,28.35,65.6,335.16
193811,11,0.66,1.88,3.69,5.8,8.57,12.31,18.28,31.48,72.56,354.91
193812,12,0.65,1.78,3.48,5.51,8.22,12.07,17.6,30.95,70.7,347.87
193901,01,0.61,1.77,3.58,5.77,8.51,12.78,18.43,32.36,73.56,359.36
193902,02,0.58,1.61,3.21,5.26,7.72,11.7,16.87,29.86,67.58,341.02
193903,03,0.57,1.69,3.34,5.47,8.19,12.26,17.66,30.9,70.72,349.55
193904,04,0.46,1.35,2.61,4.42,6.61,10.03,13.92,25.9,59.15,314.4
193905,05,0.46,1.37,2.65,4.44,6.56,9.98,13.85,25.84,58.87,312.88
193906,06,0.49,1.46,2.9,4.84,7.22,11,15.26,27.96,63.38,330.05
193907,07,0.48,1.34,2.72,4.47,6.75,9.81,14.64,26.85,58.48,318.4
193908,08,0.54,1.55,3.06,5.2,7.81,11.11,17.04,30.3,65.66,346.51
193909,09,0.49,1.33,2.66,4.52,6.92,9.95,14.9,27.22,58.76,327.16
193910,10,1,2.17,3.86,6.34,9.33,12.83,18.98,31.99,70.59,371.39
193911,11,0.87,2.05,3.75,6.18,9.36,12.74,18.84,32.29,69.82,369.16
193912,12,0.7,1.76,3.31,5.56,8.5,11.74,17.34,30.44,64.99,357.17
194001,01,0.68,1.76,3.3,5.69,8.79,12.08,17.78,30.88,66.35,365.9
194002,02,0.65,1.69,3.24,5.47,8.61,11.77,17.36,30.03,64.28,357.13
194003,03,0.69,1.8,3.36,5.59,8.91,12.14,17.83,30.67,64.42,359.56
194004,04,0.69,1.85,3.49,5.69,9.23,12.44,18.31,31.19,65.82,364.49
194005,05,0.72,1.99,3.65,5.77,9.52,12.75,18.58,30.61,65.33,364.3
194006,06,0.47,1.34,2.58,4.26,6.71,9.46,12.95,22.79,49.59,287.45
194007,07,0.48,1.4,2.82,4.41,6.82,9.59,14.14,24.04,51.46,303.3
194008,08,0.5,1.44,2.89,4.56,7.15,10.15,14.65,24.89,52.9,311.83
194009,09,0.5,1.47,3,4.68,7.28,10.29,15.07,25.22,54.17,315.9
194010,10,0.53,1.54,3.11,4.92,7.6,10.72,15.34,25.82,55.67,320.63
194011,11,0.52,1.65,3.27,5.26,7.87,11.23,16.21,27.56,57.9,327.05
194012,12,0.52,1.66,3.28,5.22,7.88,11.25,16.06,27.06,56.34,317.3
194101,01,0.48,1.59,3.19,5.07,7.71,11.07,15.83,26.62,55.13,319.53
194102,02,0.51,1.56,3.15,4.92,7.44,10.48,15.21,25.52,53.37,304.79
194103,03,0.51,1.49,3.09,4.77,7.19,10.31,14.82,25,52.13,298.91
194104,04,0.52,1.53,3.17,4.81,7.24,10.34,14.8,24.98,52.66,299.31
194105,05,0.49,1.43,2.98,4.47,6.79,9.84,13.8,23.58,50.17,282.19
194106,06,0.5,1.42,3.04,4.52,6.82,9.94,13.83,23.85,50.61,283.64
194107,07,0.52,1.58,3.1,4.88,7.15,9.97,14.3,24.88,52.21,297.83
194108,08,0.67,1.91,3.46,5.49,7.91,10.89,16,27.06,55.81,310.8
194109,09,0.66,1.89,3.46,5.4,7.74,10.73,15.95,27.09,55.17,308.28
194110,10,0.62,1.8,3.37,5.26,7.57,10.46,15.64,26.71,54.51,304.4
194111,11,0.57,1.68,3.21,4.88,7.07,9.72,14.83,25.27,51.36,288.13
194112,12,0.52,1.58,3.04,4.73,6.82,9.47,14.4,24.72,49.42,279.13
194201,01,0.44,1.33,2.7,4.19,6.16,8.96,13.28,22.95,45.8,264.8
194202,02,0.59,1.57,2.98,4.68,6.61,9.37,13.96,23.4,47.79,262.08
194203,03,0.58,1.52,2.92,4.59,6.56,9.13,13.72,22.77,46.43,253.33
194204,04,0.54,1.44,2.76,4.4,6.17,8.74,12.83,21.33,43.39,233.83
194205,05,0.52,1.36,2.63,4.14,5.92,8.25,12.02,20.1,40.99,224.12
194206,06,0.51,1.36,2.68,4.18,5.98,8.41,12.39,20.83,42.67,237.68
194207,07,0.47,1.4,2.61,4.12,5.95,8.23,12.36,21.36,43.27,242.77
194208,08,0.5,1.49,2.69,4.28,6.2,8.51,12.84,22.34,45.09,249.83
194209,09,0.52,1.51,2.78,4.35,6.31,8.74,12.93,22.79,45.89,252.16
194210,10,0.58,1.59,2.89,4.47,6.44,8.89,13.22,23.25,46.93,256.95
194211,11,0.66,1.78,3.21,4.99,6.97,9.76,14.45,25.15,50.09,272.4
194212,12,0.63,1.7,3.16,4.72,6.73,9.53,14.29,24.48,49.4,271.59
194301,01,0.62,1.67,3.22,4.86,6.91,9.76,14.7,25.62,52.21,283.04
194302,02,0.87,2.11,3.74,5.66,7.84,10.86,16.09,27.49,56.62,299.59
194303,03,1.19,2.48,4.21,6.35,8.62,11.81,17.33,29.13,60.97,313.26
194304,04,1.28,2.87,4.88,7.12,9.37,13.06,18.67,31.89,66.39,324.86
194305,05,1.43,3.06,5.14,7.45,9.55,13.51,19.53,31.92,67.46,324.66
194306,06,1.74,3.46,5.65,8.34,10.36,14.27,20.76,33.49,70.62,340.33
194307,07,1.35,3.19,5.01,7.62,10.27,14.2,20.7,35.05,70.96,348.93
194308,08,1.25,2.93,4.6,7.15,9.43,13.36,19.13,32.91,66.69,334.5
194309,09,1.21,2.91,4.58,7.14,9.51,13.44,19.28,33.25,67.55,337.35
194310,10,1.26,3.01,4.75,7.4,9.73,13.76,19.84,33.79,69.11,343.05
194311,11,1.25,3.02,4.72,7.47,9.61,13.7,19.67,33.51,67.96,338.79
194312,12,1.08,2.69,4.25,6.9,8.69,12.44,17.74,30.63,62.15,319.52
194401,01,1.23,2.97,4.63,7.53,9.45,13.54,19.37,32.77,66.57,334.51
194402,02,1.36,3.13,4.88,7.87,9.82,14.02,19.89,33.53,67.92,338.26
194403,03,1.42,3.2,4.92,7.77,9.93,14.23,19.89,33.9,67.89,337.21
194404,04,1.49,3.41,5.14,8.09,10.24,14.74,20.51,34.43,69.92,342.48
194405,05,1.43,3.33,4.93,7.85,9.91,14.33,19.86,33.24,68.3,338.19
194406,06,1.54,3.57,5.22,8.27,10.57,15.23,21.2,34.94,72.08,350.67
194407,07,1.86,4.01,6.06,8.76,11.95,16.54,23.62,37.36,76.48,365.14
194408,08,1.8,3.96,5.95,8.63,11.92,16.26,23.24,36.94,74.86,359.36
194409,09,1.88,4.02,6.14,8.87,12.35,16.68,23.81,37.52,76.43,361.09
194410,10,1.9,4.03,6.14,8.79,12.32,16.69,23.58,37.52,75.99,359.86
194411,11,1.9,4.07,6.13,8.73,12.27,16.56,23.33,37.52,75.79,360.83
194412,12,1.96,4.14,6.32,8.82,12.48,16.61,23.6,38.15,76.38,363.25
194501,01,2.16,4.44,6.7,9.47,13.27,17.56,25.17,39.76,79.64,372.67
194502,02,2.3,4.63,7.11,9.84,13.84,18.19,25.79,40.78,81.53,377.9
194503,03,2.59,5,7.72,10.72,14.97,19.58,28.02,43.95,86.81,396.42
194504,04,2.28,4.55,7.33,10.18,14.04,18.38,26.52,42.14,82.43,381.58
194505,05,2.51,4.91,7.96,11.16,15.26,20.08,29.1,45.46,89.55,408.97
194506,06,2.64,5.05,8.22,11.4,15.49,20.54,29.89,45.97,90.1,413.1
194507,07,2.9,5.63,8.61,11.57,16.06,20.75,29.87,46.92,89.05,403.81
194508,08,2.78,5.41,8.28,11.11,15.31,19.94,29.1,45.19,85.8,397.86
194509,09,2.91,5.74,8.84,11.77,16.47,21.18,31.04,47.96,92.76,417.99
194510,10,3.11,6.15,9.34,12.55,17.48,22.51,33.08,50.78,97.84,433.14
194511,11,3.52,6.76,9.78,13.37,18.32,23.72,34.79,53.36,102.83,445.63
194512,12,4.04,7.42,10.81,14.63,19.9,25.68,37.72,58.53,107.63,459.12
194601,01,4.1,7.7,11.07,15.26,20.02,26.03,38.98,58.93,109.79,459.86
194602,02,4.79,8.67,12.26,16.44,21.81,28.03,42.39,63.17,115.69,484.66
194603,03,4.43,8.06,11.37,15.33,20.24,25.87,39.41,59.55,107.72,457.63
194604,04,4.53,8.39,11.79,16.53,21.6,27.79,42.67,63.43,114.93,479.96
194605,05,4.98,8.99,12.47,17.8,22.61,29.26,44.87,65.97,118.28,499.53
194606,06,5.1,9.54,13.11,18.81,23.85,31.1,47.39,69.61,123.49,512.1
194607,07,4.6,8.98,12.59,16.78,22.44,29.6,42.37,65.18,118.17,490.37
194608,08,4.35,8.48,11.87,16.16,21.43,28.32,40.59,62.52,114.4,480.21
194609,09,3.97,7.72,10.83,14.84,19.74,25.97,37.22,58.73,107.17,448.58
194610,10,3.27,6.46,9.23,12.71,16.89,22.64,32.16,51.75,95.52,407.55
194611,11,3.26,6.35,8.99,12.5,16.83,22.05,31.54,51.04,93.51,401.21
194612,12,3.21,6.24,8.92,12.34,16.75,21.97,31.42,50.77,92.18,398.78
194701,01,3.21,6.51,9.2,12.98,17.39,23.01,33.05,53.03,96.87,415.06
194702,02,3.39,6.78,9.54,13.36,17.67,23.46,33.38,53.27,97.65,419.46
194703,03,3.4,6.73,9.54,13.24,17.46,23.16,32.91,52.28,95.93,412.78
194704,04,3.25,6.44,9.07,12.79,16.99,22.49,31.88,51.49,93.25,406.29
194705,05,2.88,5.87,8.35,11.68,15.6,20.69,29.25,47.84,86.69,392.7
194706,06,2.68,5.52,7.91,11.21,14.96,19.75,28.32,45.81,84.31,390.83
194707,07,2.69,5.42,7.91,10.98,15.24,20.55,29.7,46.81,86.74,400.67
194708,08,2.91,5.82,8.53,11.57,16,22,31.4,49.34,90.39,413.6
194709,09,2.8,5.69,8.29,11.39,15.73,21.63,31.19,47.8,88.15,404.27
194710,10,2.83,5.68,8.39,11.36,15.75,21.6,31.12,47.87,88.09,398.26
194711,11,2.92,5.95,8.67,11.69,16.08,22.36,32.11,48.53,90.25,407.13
194712,12,2.81,5.71,8.27,11.2,15.44,21.68,30.96,46.68,87.45,397.07
194801,01,2.84,5.71,8.3,11.24,15.51,21.93,31.5,47.57,89.78,407.43
194802,02,2.91,5.61,8.11,11.03,15.17,21.19,30.86,46.14,85.73,389.21
194803,03,2.69,5.19,7.54,10.26,14.33,19.63,28.86,43.66,81.09,372.32
194804,04,2.94,5.73,8.15,11.1,15.51,21.46,31.42,47.86,89.67,396.2
194805,05,3.11,5.92,8.44,11.4,15.84,22.15,33.28,49.82,92.81,409.07
194806,06,3.47,6.39,9.14,12.36,16.91,24.17,35.74,53.24,100.55,434.72
194807,07,3.03,6.02,8.65,12.06,16.71,23.16,34.15,51.43,95.14,435.11
194808,08,2.84,5.67,8.14,11.51,15.74,21.94,32.2,49.05,89.35,413.67
194809,09,2.8,5.55,8.05,11.39,15.57,21.96,31.99,48.98,88.82,412.92
194810,10,2.63,5.23,7.7,10.91,14.73,20.91,30.36,46.52,85.6,400.95
194811,11,2.76,5.46,8.12,11.3,15.37,21.9,32.01,49.08,89.57,425.74
194812,12,2.45,4.73,7.11,10.13,13.64,19.45,27.92,43.9,79.65,384.16
194901,01,2.35,4.66,7.07,10.02,13.59,19.66,28.21,44.73,81.74,395.66
194902,02,2.42,4.82,7.18,10.09,13.75,19.54,28.62,45.34,82.19,394.55
194903,03,2.3,4.59,6.76,9.49,13.09,18.73,27.49,44.03,80.11,380.11
194904,04,2.45,4.86,7.15,9.98,13.87,19.68,28.88,45.53,83.26,391.61
194905,05,2.38,4.7,6.94,9.53,13.55,18.75,27.8,44.13,81.15,385.99
194906,06,2.23,4.36,6.53,9.15,13.05,17.84,26.58,43.03,79.13,371.81
194907,07,1.98,4.1,6.12,8.74,12.39,17.49,25.97,42.24,78.95,366.45
194908,08,2.12,4.3,6.46,9.32,13.17,18.6,27.63,44.81,82.77,386.07
194909,09,2.14,4.41,6.55,9.51,13.59,18.86,28.17,45.51,83.59,394.34
194910,10,2.26,4.54,6.8,9.94,14.04,19.57,29.21,47.13,86.32,403.18
194911,11,2.43,4.74,7.1,10.22,14.53,20.21,29.89,48.34,88.23,416.39
194912,12,2.37,4.68,7.05,10.22,14.51,20.27,30.27,48.93,89.8,417.38
195001,01,2.57,4.96,7.58,10.74,15.44,21.81,31.75,51.48,94.34,433.62
195002,02,2.71,5.27,7.88,11.19,16.23,22.6,32.45,52.56,96.03,438.07
195003,03,2.78,5.39,8.04,11.32,16.14,22.76,32.8,53.13,97.52,440.88
195004,04,2.76,5.35,7.85,11.32,15.87,22.64,32.52,53.46,97.27,447.39
195005,05,2.94,5.69,8.25,11.99,16.8,23.86,33.68,55.16,100.57,465.04
195006,06,3.05,5.77,8.37,12.34,17.11,24.26,34.83,56.47,103.86,484.55
195007,07,2.59,5.03,7.64,11.15,15.66,22.69,33.26,52.05,98.82,462.11
195008,08,2.83,5.46,8.14,11.79,16.29,23.71,34.11,53.79,100.24,463.94
195009,09,2.95,5.7,8.46,12.22,17.11,24.64,35.53,55.46,104.03,482.14
195010,10,3.06,5.85,8.86,12.87,17.86,26.01,37.53,58.4,109.51,501.32
195011,11,3.05,5.78,8.79,12.93,17.79,25.81,37.04,57.51,108.06,502.76
195012,12,3.11,5.94,9.01,13.13,17.95,26.31,38,58.96,110.73,505.52
195101,01,3.56,6.55,9.86,14.22,18.84,28.24,40.5,62.25,116.64,527.29
195102,02,3.84,7.13,10.7,15.28,20.43,30.38,43.1,66.71,122.52,554.58
195103,03,3.85,7.14,10.72,15.39,20.43,30.52,43.34,67.7,124.25,558.96
195104,04,3.57,6.8,10.16,14.83,19.68,28.99,41.48,65.32,120.46,548.74
195105,05,3.7,7.05,10.56,15.42,20.58,30.14,43.23,68.35,125.27,577.39
195106,06,3.59,6.68,10.18,14.84,20.04,29.19,42.27,66.23,122.86,558.71
195107,07,3.26,6.23,9.46,13.85,19.08,27.66,40.86,63.23,119.91,557.75
195108,08,3.37,6.5,10.09,14.63,20.17,29.2,43.76,67.88,128.26,597.19
195109,09,3.59,6.84,10.49,15.26,21.13,30.27,45.12,69.94,132.22,619.15
195110,10,3.62,6.99,10.86,15.62,21.48,30.77,45.83,71.34,134.35,617.33
195111,11,3.56,6.73,10.58,15.03,21.1,29.85,44.45,69.46,130.9,601.86
195112,12,3.49,6.67,10.54,14.97,21.05,29.9,45.11,69.78,131.19,597.69
195201,01,3.45,6.65,10.5,15.09,21.01,29.83,45.77,70.78,134.1,620.75
195202,02,3.52,6.72,10.66,15.31,21.31,30.19,46.39,71.92,136.48,629.46
195203,03,3.41,6.49,10.38,14.92,20.82,29.38,45.46,70.29,132.22,607
195204,04,3.43,6.65,10.59,15.21,21.18,30.1,46.49,72.77,136.88,636.3
195205,05,3.27,6.35,10.01,14.53,20.2,28.83,44.33,68.85,130.58,603.38
195206,06,3.29,6.42,10.15,14.81,20.61,29.32,45.42,70.33,134.17,619.71
195207,07,3.33,6.69,10.38,15.24,21.53,31.59,47,75.25,140.86,656.53
195208,08,3.33,6.79,10.46,15.33,21.69,31.95,47.18,76.22,142.08,662.52
195209,09,3.3,6.79,10.48,15.3,21.69,31.66,47.13,75.7,140.96,651.01
195210,10,3.27,6.64,10.26,14.94,21.51,30.81,46.07,73.9,138.02,635.61
195211,11,3.24,6.53,10.1,14.55,21.14,30.55,45.44,73.11,135.6,633.96
195212,12,3.34,6.81,10.61,15.2,22.32,31.99,47.45,76.78,144.19,665.08
195301,01,3.34,6.83,10.86,15.5,22.4,32.55,48.68,78,147.05,685.59
195302,02,3.52,7.06,11.24,15.95,23.2,33,49.34,78.92,146.62,678.84
195303,03,3.61,7.25,11.3,16.11,23.5,32.96,49.57,78.93,145.5,669.8
195304,04,3.54,7.07,11.05,15.72,22.95,32.66,48.89,77.56,144.31,657.66
195305,05,3.46,6.88,10.78,15.43,22.31,31.97,47.43,75.72,140.37,638.17
195306,06,3.49,6.89,10.78,15.42,22.33,31.88,47.61,75.67,140.8,637.44
195307,07,3.22,6.69,10.24,15.13,21.6,30.8,46.19,74.25,137.59,641.64
195308,08,3.22,6.84,10.3,15.34,21.86,31.37,46.8,75.17,140.3,659.77
195309,09,3.05,6.39,9.61,14.42,20.62,29.48,44.51,71.05,134.47,625.94
195310,10,2.91,6.23,9.35,14.28,20.27,28.98,43.95,70.59,134.64,627.62
195311,11,2.99,6.34,9.64,14.71,21.11,30.21,45.71,73.57,139.7,658.66
195312,12,3.03,6.42,9.77,14.8,21.27,30.59,46.67,75.17,142.96,670.95
195401,01,2.91,6.2,9.45,14.47,20.88,29.99,45.67,74.83,142.62,670.76
195402,02,3.17,6.64,10.13,15.36,22.27,32.08,48.32,79.11,150.21,702.75
195403,03,3.15,6.63,10.25,15.48,22.58,32.49,48.86,80.48,151.68,709.04
195404,04,3.22,6.79,10.45,15.82,23.01,33.24,50.15,83.47,155.85,734.71
195405,05,3.25,6.83,10.47,16,23.34,34.12,50.54,85.34,159.64,774.81
195406,06,3.35,7.15,10.74,16.7,24.37,34.92,52.52,88.38,164.97,790.34
195407,07,3.12,6.9,10.56,16.61,24.8,36.6,55.27,92.28,171.25,811.7
195408,08,3.49,7.52,11.36,17.63,26.6,38.79,59.11,97.68,182.22,850.69
195409,09,3.46,7.47,11.38,17.57,26.12,38.05,57.66,95.51,176.39,823.07
195410,10,3.65,7.72,11.8,18.28,27.13,39.38,59.85,99.98,183.75,882.62
195411,11,3.67,7.66,11.71,17.99,26.99,39.14,59.6,99.34,181.33,863.49
195412,12,3.87,8.32,12.68,19.46,29.46,42.77,64.27,108.66,196.89,936.23
195501,01,4.35,9.22,13.84,21.24,32.02,46.26,67.76,114.5,209.5,977.8
195502,02,4.47,9.51,13.94,21.34,32.5,47.48,68.39,114.59,210.79,982.06
195503,03,4.65,10.09,14.53,21.91,34.03,49.48,71.08,117.69,217.03,1002.21
195504,04,4.64,10.03,14.45,21.89,33.79,49.8,70.22,115.98,219.76,996.05
195505,05,4.79,10.17,14.9,22.08,34.25,50.79,71.75,118.5,224.08,1033.91
195506,06,4.86,10.16,14.88,22,34.31,50.72,72.04,119.6,224.94,1040.44
195507,07,4.61,9.98,15.68,23.97,35.28,51.37,75.44,126.83,232.93,1156.71
195508,08,4.76,10.06,15.94,23.99,35.28,51.43,76.1,126.48,233.59,1188.45
195509,09,4.74,9.99,15.91,23.85,35.44,51.57,76.43,126.76,234,1183.7
195510,10,4.74,10.07,15.63,23.45,35.19,50.69,75.37,123.34,227.29,1188.02
195511,11,4.64,9.9,15.43,23.14,34.8,49.87,73.88,120.55,222.32,1154.05
195512,12,4.91,10.2,16.08,24.37,36.53,52.56,77.75,127.75,234.54,1231.09
195601,01,4.98,10.44,16.2,24.55,37.49,53.53,78.93,129.78,238.42,1245.8
195602,02,4.94,10.34,15.99,23.96,36.56,51.77,76.38,125.45,231.81,1208.82
195603,03,5.08,10.56,16.48,24.69,37.31,53.38,78.86,129.66,238.91,1253.04
195604,04,5.18,11.18,17.08,25.68,38.56,56.52,82.76,136.67,253.15,1341.98
195605,05,5.21,11.16,17.27,25.68,38.82,56.61,83.36,137.29,251.23,1350.05
195606,06,4.93,10.72,16.31,24.47,37.16,54.53,79.14,132.17,240.69,1267.25
195607,07,4.89,10.64,16.82,25.05,39.2,56.77,85.69,138.84,260.11,1340.39
195608,08,4.96,10.96,17.54,25.74,40.6,59.15,89.7,144.53,273.61,1409.75
195609,09,4.92,10.8,17.22,25.3,39.84,57.86,87.03,139.59,268.81,1352.01
195610,10,4.74,10.54,16.68,24.53,38.25,55.54,83.17,133.41,254.31,1277.85
195611,11,4.74,10.56,16.8,24.56,38.54,55.78,84.26,133.58,257.36,1284.19
195612,12,4.74,10.53,16.79,24.81,38.61,55.93,84.41,133.52,259.33,1279.49
195701,01,4.75,10.61,17.14,25.44,39.29,56.86,86.62,136.68,265.9,1323.41
195702,02,4.94,10.75,17.42,25.51,39.12,56.78,85.57,134.87,260.97,1262.29
195703,03,4.78,10.53,16.89,24.79,37.59,55.26,83.48,131.83,254.73,1232.85
195704,04,4.79,10.68,17.09,25.19,38.46,56.16,85.69,134.26,260,1258.14
195705,05,4.99,10.91,17.38,25.86,39.23,57.23,87.57,138.48,267.59,1324.14
195706,06,5.05,10.83,17.69,26.24,39.71,58.53,89.14,140.65,276.21,1371.61
195707,07,5.07,10.8,17.28,25.32,38.68,58.64,87.7,140.27,271.71,1409.34
195708,08,5.15,10.85,17.37,25.43,38.63,58.9,87.98,140.27,271.69,1425.04
195709,09,4.89,10.42,16.47,24.07,36.41,55.5,82.55,131.04,256.93,1351.16
195710,10,4.63,9.98,15.59,22.67,33.95,52.28,78.01,124.03,243.39,1266.45
195711,11,4.19,9.19,14.44,21.03,31.41,49.19,73.81,117.71,232.77,1219.65
195712,12,4.15,9.3,14.35,21.13,32.03,50.45,74.94,120.47,240.02,1239.04
195801,01,3.9,8.7,13.58,19.78,30.16,47.96,71.99,116.04,232.69,1187.93
195802,02,4.39,9.81,15.07,21.99,33.34,52.48,78.19,125.68,245.5,1229.41
195803,03,4.36,9.65,14.91,22.09,32.73,52.25,77.12,124.07,243.02,1198.55
195804,04,4.49,9.96,15.41,22.54,33.83,53.81,80.01,127.78,249.65,1234.89
195805,05,4.73,10.23,15.98,23.23,34.49,54.75,81.97,132.22,258.53,1272.12
195806,06,5.05,10.49,16.52,24.11,36.12,56.94,84.19,134.8,265.97,1289.26
195807,07,5.13,10.75,17.17,25.21,37.28,57.89,88.13,143.93,284.5,1350.76
195808,08,5.4,11.38,18.04,26.44,39.84,61.37,92.26,150.54,298.8,1404.48
195809,09,5.63,11.69,18.54,27.15,41.04,63.11,94.34,154.34,302.3,1421.45
195810,10,6,12.32,19.42,28.85,42.95,65.85,99.2,160.29,314.47,1487.7
195811,11,6.13,12.66,20.08,30.13,44.04,68.43,102.02,165.28,323.48,1522.34
195812,12,6.25,13.42,21.23,31.51,45.54,70.12,105.46,172.8,333.79,1554.28
195901,01,6.44,13.8,21.82,32.81,46.59,72.34,109.91,178.66,347.42,1644.38
195902,02,6.96,14.81,22.97,34.26,48.63,74.93,112.55,181.87,350.53,1646.78
195903,03,7.19,15.31,23.73,35.13,50.03,77.37,115.76,185.87,355.34,1645.41
195904,04,7.25,15.45,24.45,35.65,50.16,77.87,117.51,185.93,357.49,1646.59
195905,05,7.35,15.84,24.84,37.04,51.68,80.99,121.69,191.62,366.87,1715.72
195906,06,7.35,16.3,24.44,36.97,52.08,81.49,123.22,192.05,364.12,1756.58
195907,07,7.12,15.74,24.6,36.88,54.16,79.88,122.97,200.12,371.39,1804.99
195908,08,7.39,16.07,25.36,38.16,55.33,83.02,126.04,204.65,383.68,1868.32
195909,09,7.25,16.03,24.91,37.31,54.03,82.51,123.48,199.81,374.77,1842.98
195910,10,6.95,15.21,23.74,35.56,51.23,78.93,116.54,190.07,354.87,1759.01
195911,11,6.92,15.58,24.12,36.56,52.43,80.9,117.97,197.75,362.98,1774.61
195912,12,6.88,15.63,24.25,37.56,53.05,81.1,119.75,203.17,366.03,1797.95
196001,01,6.95,16.11,24.87,38.18,54.15,82.45,121.39,203.75,371.74,1854.54
196002,02,6.94,15.73,24.03,36.42,52.05,77.67,114.98,192.99,352.93,1713.23
196003,03,6.84,15.86,24.35,36.86,52.38,77.34,116.2,196.41,356.36,1729.53
196004,04,6.69,15.25,23.62,35.63,50.8,74.98,113.24,191.71,352.73,1706.77
196005,05,6.46,15.02,23.1,34.97,49.5,73.19,111.57,189.46,352.08,1673.17
196006,06,6.49,15.05,23.76,36.03,50.56,75.28,113.66,192.74,362.43,1721.46
196007,07,6.41,14.91,23.62,35.15,52.03,75.4,116.95,187.24,366.27,1753.67
196008,08,6.36,14.66,23,34.49,50.98,74.1,113.66,185.02,357.78,1710.32
196009,09,6.68,15.36,23.43,35.88,52.56,76.84,116.78,189.73,368.08,1753.5
196010,10,6.34,14.45,21.98,33.34,49.19,72.18,109.4,179.49,346.02,1647.1
196011,11,6.1,14.08,21.19,32.7,47.2,70.63,106.98,176.83,341.89,1647.08
196012,12,6.25,14.2,22.16,33.8,49.73,74.42,111.85,187.03,361.99,1707.55
196101,01,6.39,14.52,23.21,34.16,51.3,76.81,116.63,196,379.25,1789.59
196102,02,7.09,15.68,25.2,36.89,55.34,83.45,126.3,211.2,401.82,1894.4
196103,03,7.51,16.64,27.09,39.49,58.88,87.94,133.91,220.99,420.17,1938.05
196104,04,7.94,17.83,29.03,41.4,61.5,92.09,140.81,230.45,429.14,1983.89
196105,05,8.22,17.89,29.67,42.37,61.08,92.23,141.91,229.67,428.44,1993.59
196106,06,8.56,18.5,30.89,43.91,64.22,96.02,145.36,237.75,439.59,2026.29
196107,07,8.11,17.85,28.97,43.02,64.48,92.79,137.89,226.44,432.03,2002.83
196108,08,8.1,17.91,29.1,43.29,65.47,93.62,138.93,231.13,443.22,2073.5
196109,09,8.19,18.03,29.2,43.95,65.45,94.51,142.13,240.65,458.12,2112.44
196110,10,7.87,17.34,28.12,42.22,62.87,92.7,137.86,233.45,446.32,2076.28
196111,11,8.03,17.72,28.41,42.68,63.86,94.68,140.95,240.29,459.18,2131.89
196112,12,8.35,18.69,30.11,44.93,66.92,98.53,146.92,247.91,475.5,2222.45
196201,01,8.33,18.77,29.72,44.64,66.92,97.58,144.83,242.77,469.13,2233.56
196202,02,8.7,18.91,29.93,44.25,66.1,94.08,141.86,235.97,460.17,2130.66
196203,03,8.9,19.1,30.19,44.71,66.33,95.46,144.32,238.15,463.42,2170.81
196204,04,8.84,19.34,29.82,44.28,65.39,94.18,141.98,234.91,462.4,2158.44
196205,05,8.2,17.93,27.7,41.02,61.13,88.89,132.31,218.61,430.7,2023.46
196206,06,7.25,16.17,24.83,36.48,54.52,78.74,119.74,196.78,392.67,1852.33
196207,07,6.82,14.71,22.59,33.46,49.51,72.23,110.28,186.36,355.72,1674.52
196208,08,7.32,15.76,24.29,35.72,52.56,75.89,116.61,196.84,376.4,1786.72
196209,09,7.54,16.11,25.13,36.62,54.21,77.12,120.17,200.32,384.98,1813.11
196210,10,7.07,14.85,23.27,33.8,50.22,72.24,113.63,189.55,362.03,1729.36
196211,11,6.83,14.18,22.61,32.46,48.7,71.18,111.42,187.29,358.99,1748.43
196212,12,7.7,16.24,25.9,36.97,55.23,80.22,125.44,211.09,403.52,1910.91
196301,01,7.55,15.74,25.29,35.89,53.67,79.54,125.04,212.85,408.11,1944.62
196302,02,8.35,17.45,27.6,38.69,58.12,84.33,132.7,224.58,428.18,2032.07
196303,03,8.29,17.33,27.14,37.8,57.26,82.6,129.64,220.37,419.19,1971.25
196304,04,8.48,17.53,27.64,38.28,58.05,83.63,131.46,226.32,431.51,2044.95
196305,05,8.65,18.08,29.09,39.39,60.1,86.08,136.6,236.93,450.36,2145.28
196306,06,9.2,18.8,30.06,40.48,62.46,88.78,139.58,240.91,462.14,2166.67
196307,07,6.29,18.57,30.21,42.22,59.86,87.44,134.25,231.76,443.82,2086.29
196308,08,6.28,18.47,29.66,41.78,59.04,85.56,132.45,227.85,441.61,2090.64
196309,09,6.43,19.06,31.08,43.77,62.65,89.08,139.29,240.17,465.9,2189.22
196310,10,6.42,18.67,30.41,42.79,61.27,87.26,134.76,235.2,455.4,2167.21
196311,11,6.46,18.71,31.18,43.91,61.66,88.5,136.5,237.27,462.73,2240.96
196312,12,6.32,18.27,30.87,42.85,60.69,86.23,135.78,235.51,459.68,2212.18
196401,01,6.15,18.01,30.79,42.86,61.59,86.32,138.24,237.52,466.87,2266.75
196402,02,6.42,18.59,31.55,43.14,63.03,87.37,139.49,240.38,471.58,2337.02
196403,03,6.57,18.9,32.33,44.42,64.29,89.02,143.09,246.86,479.3,2359.6
196404,04,6.68,19.31,33.5,45.8,66.71,91.63,146.67,253.94,486.94,2386.59
196405,05,6.67,19.12,33.33,45.55,65.88,91.07,146.89,251.27,483.63,2406.43
196406,06,6.72,19.11,33.87,46.59,66.59,91.56,149.49,255.75,486.52,2435.33
196407,07,6.85,20.35,32.47,47.7,66.54,94.75,147.96,253.13,488.93,2457.14
196408,08,7.1,20.86,33.63,48.42,67.72,97.46,150.44,257.98,504.9,2496.68
196409,09,7.06,20.61,33.33,47.4,67.11,96.23,149.19,257.47,496.49,2451.85
196410,10,7.39,21.34,34.16,48.76,68.86,98.8,153.92,266.6,511.26,2516.62
196411,11,7.58,21.68,34.5,49.31,69.82,101.3,155.58,270.99,514.33,2529.11
196412,12,7.59,21.69,34.55,48.41,69.67,101.74,155.07,270.34,513.59,2520.26
196501,01,7.44,21.09,34.09,48.17,69.19,100.77,154.02,268.66,511.11,2535.63
196502,02,8.03,22.44,36.26,51.08,72.72,106.5,161.83,282.79,534,2612.58
196503,03,8.27,22.91,37.53,52.96,75.85,109.53,165.71,289.72,545.88,2588.72
196504,04,8.46,23.41,37.86,52.65,76.08,109.67,165.17,288.64,541.48,2545.59
196505,05,8.91,24.37,39.16,55.1,79.66,113.38,171.1,298.08,555.7,2629.34
196506,06,8.89,24.06,38.54,54.71,78.8,112.68,168.94,294.44,551.26,2607.38
196507,07,7.88,22.81,34.16,48.87,70,103.25,156.51,273.32,516.16,2517.04
196508,08,8.09,23.56,35.29,50.58,72.15,106.75,160.54,282.73,527.46,2543.29
196509,09,8.43,24.56,36.65,53.06,77.13,111.95,166.41,293.91,543.57,2592.68
196510,10,8.7,25.01,37.56,55.49,79.65,114.89,170.88,302.23,557.87,2674.4
196511,11,9.41,26.6,39.62,58.44,84.18,120.06,176.93,313.95,576.77,2730.1
196512,12,10.08,27.67,40.56,62.01,88.3,124.15,182.5,322.92,582.92,2677.9
196601,01,10.58,28.61,42.21,65.26,90.01,127.78,187.44,327.18,591.96,2693.58
196602,02,11.51,30.46,44.9,68.49,93.81,132.35,191.72,338.18,607.72,2679.44
196603,03,12.11,31.58,46.39,69.93,96.1,134.65,192.87,338.83,599.32,2615.33
196604,04,12.14,30.87,44.64,69.31,93.26,129.77,186.77,332.26,594.66,2547.64
196605,05,12.96,32.34,48.24,72.53,96.62,134.51,192.69,341.92,606.93,2592.65
196606,06,11.26,29.22,43.25,64.96,87.7,124,178.47,319.41,571.68,2473.12
196607,07,9.89,28.31,41.05,58.69,84.52,118.99,180.64,304.25,559.69,2498.49
196608,08,9.7,27.83,40.53,57.22,83.72,117.64,177.89,298.27,554.5,2465.4
196609,09,8.54,25.04,35.88,51.19,75.52,106.86,161.02,273.15,505.65,2283.68
196610,10,8.35,24.52,35.07,50.17,74.48,104.57,158.7,269.07,497.06,2276.49
196611,11,7.92,23.71,34.63,49.3,74.99,106.59,159.76,277.81,521.46,2397.7
196612,12,8.24,24.88,35.66,51.38,78.46,109.74,168.1,283.93,527.43,2401.52
196701,01,8.35,25.34,36.46,52.24,79.67,111.41,171.6,290.51,537.71,2386.45
196702,02,10.08,29.51,43.32,61.4,90.21,127.16,190.17,315.98,581.75,2550.32
196703,03,10.69,30.91,44.49,62.84,91.62,128.11,191.62,316.47,584.99,2557.58
196704,04,11.42,32.86,47.42,67.01,96.35,134.56,201.47,331.94,609.24,2651.85
196705,05,12,34.18,49.21,69.33,99.48,139.95,208.81,347.77,625.89,2768.07
196706,06,11.94,33.99,47.76,68.2,96.47,136.81,206.99,338.77,598.67,2613.93
196707,07,12.09,33.48,51,70.84,99.34,143.99,217.92,357.03,620.86,2692.36
196708,08,13.38,36.48,55.43,76.11,105.96,152.49,229.12,377.38,652.05,2800.93
196709,09,13.55,36.26,55.69,75.01,105.82,152.04,229.36,373.7,646.8,2759.81
196710,10,14.75,38.75,58.81,78.28,108.74,157.81,239.21,377.46,659.21,2865.56
196711,11,14.58,37.75,56.79,76.87,104.66,153.75,229.82,357.25,625.14,2812.35
196712,12,14.37,38.07,56.65,77.28,105.83,153.9,232.98,359.33,624.63,2815.57
196801,01,15.98,41.78,61.64,83.21,111.9,162.3,241.34,369.01,643.19,2877.76
196802,02,16.86,42.16,61.77,82,110.35,157.05,234.23,354.69,624.34,2742.33
196803,03,15.6,39.53,57.96,76.6,105.8,149.09,222.37,338.49,600.22,2663.75
196804,04,15.33,39.16,57.25,75.58,104.39,150.15,222.11,335.42,597.53,2707.03
196805,05,17.95,45.86,65.7,86.3,117.21,169.44,245.75,369.57,651.14,2916.35
196806,06,20.61,49.79,71.9,91.6,123.63,178.85,257.48,382.56,665.73,2928.6
196807,07,18.73,47.58,70.27,93.43,129.66,181.85,270.3,411.59,690.45,3021.77
196808,08,18.32,45.79,68.89,88.54,125.97,172.94,255.16,400.61,672.93,2970.27
196809,09,19.13,47.63,71.36,90.59,130.64,176.92,257.49,408.14,679.67,3007.1
196810,10,20.5,50.81,76.16,96.75,140.13,184.89,274.64,435.29,713.66,3095.42
196811,11,20.51,50.82,77.04,96.49,141.9,186.87,277.36,436.41,723.56,3113.01
196812,12,21.88,54.42,83.31,103.94,152.89,201.27,298.38,465.92,766.62,3248.07
196901,01,22.65,55.02,82.09,102.42,150.04,195.85,288.61,448.79,743.15,3095.93
196902,02,22.5,54.58,81.68,101.81,148.11,191.91,282.39,450.72,742.33,3063.57
196903,03,20.04,49.27,74.56,92.97,135.58,176.89,260.38,416.91,696.17,2948.85
196904,04,20.66,50.89,76.27,94.7,138.69,179.92,264.29,425.37,701.86,3066.89
196905,05,20.64,51.44,77.42,95.58,140.16,181.42,268.39,427.69,713.75,3140.85
196906,06,20.83,51.89,77.68,93.87,141.31,180.63,267.95,426.58,705.1,3156.04
196907,07,18.08,45.35,65.27,88.54,124.56,171.24,257.02,406.74,677.64,3035.2
196908,08,15.96,40.2,58.84,80.31,113.53,156.72,237.66,378.69,633.77,2859.26
196909,09,16.58,42.31,62.2,84.16,121.79,166.85,249,400.24,655.7,2986.74
196910,10,15.98,40.75,61.58,83.91,120.22,164.55,244.58,391.27,647.94,2892.88
196911,11,17.69,44.53,66.98,91.21,128.82,176.8,263.55,418.25,692.37,3005.62
196912,12,16.4,41.44,63.6,87.35,121.7,168.57,252.45,401.58,665.42,2907.07
197001,01,14.89,38.73,58.98,82.79,117.75,161.52,247.27,391.81,647.14,2876.06
197002,02,14.6,36.38,55.81,78.52,109.86,149.96,229.83,359.18,606.87,2640.08
197003,03,14.99,37.64,57.72,81.1,114.01,156.64,239.1,382.15,650.84,2771.62
197004,04,14.37,36.25,56.23,78.52,111.85,154.9,238.83,378.72,646.43,2769.08
197005,05,11.65,29.92,46.66,64.65,95.41,132.12,206.65,334.56,575.3,2532.81
197006,06,10.53,27,42.3,56.9,85.39,118.15,186.29,305.09,531.83,2393.34
197007,07,9.23,24.29,36.68,54,78.75,114.62,171.39,293.73,502.75,2264.88
197008,08,9.6,25.72,39.29,57.87,85.26,122.14,185.77,318.82,538.46,2425.64
197009,09,10.18,27.33,42.37,61.57,89.66,130.42,195.04,336.65,565.42,2518.54
197010,10,11.84,31.01,48.52,68.91,97.73,142.95,208.82,357.98,587.79,2586.55
197011,11,10.78,28.88,45.28,66.04,92.58,136.27,198.61,344.24,574.19,2566.83
197012,12,10.44,28.66,46.11,67.74,95.19,141.04,207.29,361.2,607.33,2692.34
197101,01,11.34,31.24,49.62,73.77,102.68,152.39,225.31,389.38,645.26,2828.77
197102,02,13.29,35.05,55.8,81,112.96,165.25,240.39,418.77,677.77,2923.32
197103,03,14.19,36.68,56.64,83.85,115.43,168.79,244.62,428.85,683.72,2943.76
197104,04,15.06,38.61,59.76,88.52,123.84,178.13,256.23,449.56,704.37,3059.88
197105,05,15.28,39.87,61.62,91.34,129.7,186.59,266.24,466.7,727.89,3162.7
197106,06,14.3,37.73,58.24,87.43,123.88,178.44,259.4,446.55,701.07,3024.94
197107,07,13.33,36.23,56,83.95,125.06,173.79,264.13,436.42,716.96,3081.94
197108,08,12.43,33.85,52.67,79.31,120.38,163.5,253.37,415.6,689.14,2960.08
197109,09,12.81,35.55,55.27,83.06,124.57,173.88,267.44,434.07,712.09,3061.3
197110,10,12.77,35.47,54.47,82.47,123.38,173.59,265,431.77,703.93,3046.05
197111,11,11.87,33.28,51.33,78.85,116,162.33,253.46,413.82,663.55,2941.46
197112,12,11.2,31.96,49.08,77.59,113.47,158.7,249.73,405.91,654.48,2955.96
197201,01,12.65,35.87,55.83,86.64,124.83,176.99,277.35,444.65,717.15,3190.69
197202,02,14.5,40.02,60.09,93.03,131.72,185.73,288.78,454.55,730.58,3242.18
197203,03,15.19,41.36,62.16,96.51,134.54,193.44,298.29,460.66,752.01,3323.53
197204,04,15.09,41.12,62.4,96.65,135.29,195.61,301.09,465.45,748.04,3357.5
197205,05,15.2,41.02,63.35,97,135.67,195.79,302.7,462.67,756.69,3374.62
197206,06,14.76,40.12,61.14,96.55,133.81,195.54,308.3,459.06,758.73,3445.03
197207,07,13.39,37.31,58.13,85.3,120.72,179.54,276.65,446.99,738,3375.02
197208,08,12.91,35.37,55.95,81.44,118.05,174.85,268.71,434.35,721.99,3402.23
197209,09,12.89,35.14,56.11,82.26,121.1,178.79,274.77,449.28,755.05,3512.51
197210,10,12.33,33.68,54.06,79.79,118.59,173.98,264.83,442.35,738.54,3515.69
197211,11,11.94,32.96,53.53,79.42,117.4,173.17,262.19,443.94,744.31,3562.75
197212,12,12.41,34.52,56.62,83.97,123.8,181.7,280.9,474.97,790.43,3687.19
197301,01,12.04,33.94,55.19,82.8,123.56,180.1,276.9,469.71,779.66,3768.59
197302,02,11.68,32.18,52.4,76.64,116.03,168.67,259.8,444.7,726.15,3742.99
197303,03,10.69,29.31,47.84,70.56,106.22,155.69,243.6,417.58,694.26,3607.29
197304,04,10.42,28.59,46.58,68.75,102.82,150.67,237.25,405.43,683.75,3611.04
197305,05,9.71,26.38,43.02,63.13,96.56,140.55,219.08,381,645.9,3470.09
197306,06,8.78,23.97,39.03,57.66,90,130.94,205.09,362.01,626.45,3428.84
197307,07,7.01,23.84,36.44,53.64,80.24,121.86,195.84,334.37,603.33,3343.46
197308,08,7.9,26.84,41.15,59.98,88.02,132.65,214.24,366.15,645.68,3454.17
197309,09,7.46,25.4,38.94,57.08,84.83,127.51,210.42,356.08,633.2,3317.99
197310,10,8.03,27.78,42.7,62.4,93.02,140.18,232.54,390.58,687.87,3409.68
197311,11,8.14,27.44,42.34,62.01,91.95,140.98,231.65,387.43,676.29,3410.37
197312,12,6.62,22.28,34.48,50.77,76.32,116.07,189.71,326.44,591.78,3054.56
197401,01,6.28,21.59,33.65,49.89,75.44,116.72,190.98,337.67,599.22,3091.34
197402,02,7.14,23.87,36.74,53.59,79.85,123.82,197.26,345.02,607.85,3025.31
197403,03,7.14,23.69,37.15,53.8,79.82,122.98,196.45,346.95,606.33,3006.08
197404,04,7.25,23.48,36.62,53.04,78.32,120.13,190.43,334.42,584.09,2936.04
197405,05,6.88,22.06,34.13,50.02,73.52,113.3,177.8,312.94,546.99,2825.19
197406,06,6.4,20.37,31.28,45.87,67.48,103.32,163.06,291,508.35,2760.6
197407,07,5.8,18.76,29.62,43.54,64.59,100.15,156.25,279.07,493.72,2746.61
197408,08,5.48,17.67,28.09,41.38,61.62,96.74,147.6,265.65,463.11,2503.46
197409,09,5.05,16.06,25.52,37.87,55.87,87.41,132.58,238.03,412.46,2275.47
197410,10,4.66,14.6,23.22,34.6,50.84,80.02,120.09,217.5,378.92,1987.69
197411,11,4.99,16.03,25.48,37.73,55.68,89.05,138.45,247.88,446.06,2342.78
197412,12,4.69,15.12,24.25,35.42,53.37,84.97,133.21,241.2,433.31,2216.28
197501,01,4.28,14.03,22.48,33.18,50.11,80.71,125.29,232.57,425.07,2165.65
197502,02,5.41,17.94,28.18,41.16,62.35,97.3,153.06,275.4,488.47,2395.73
197503,03,5.66,18.72,29.58,42.49,64.3,101.31,158.28,284.7,506.95,2547.46
197504,04,6.09,20.02,31.16,44.94,67.79,105.88,167.53,297.6,519.3,2592.97
197505,05,6.25,20.87,32.04,46.45,70.76,110.53,175.34,310.44,539.97,2713.31
197506,06,6.76,22.51,34.31,49.84,74.77,116.11,187.81,325.22,564.19,2855.05
197507,07,6.77,23.42,36.52,54.1,82.75,129.05,209.84,367.43,657.67,3055.16
197508,08,6.83,22.82,35.14,52.46,79.32,122.7,199.67,341.53,618.39,2838.65
197509,09,6.41,21.38,33.03,49.93,76.06,117.25,191.17,328.62,601.98,2773.93
197510,10,6.16,20.53,31.86,47.56,72.9,111.77,182.82,314.2,580.25,2667.32
197511,11,6.2,20.98,32.63,48.66,73.91,115.7,191.65,332.96,609.13,2840.87
197512,12,6.28,21.36,33.39,49.26,75.01,119.32,197.57,345.95,620.66,2914.06
197601,01,6.15,21.15,32.62,48.36,74.5,118.9,196.26,341.37,617.82,2863.36
197602,02,7.33,25.09,38.72,56.64,86.95,137.73,226.25,389.9,696.61,3173.29
197603,03,8.25,27.43,41.81,60.92,91.68,145.2,234.5,397.74,703.32,3101.79
197604,04,8.38,27.83,41.92,61.47,92.92,146.08,238.43,403.12,706.09,3208.07
197605,05,8.28,27.32,41.46,60.52,92.37,143.79,235.18,396.5,699.29,3171.56
197606,06,8.03,26.64,40.61,58.74,91.19,140.57,231.21,388.33,693.56,3124.15
197607,07,7.71,27.13,43.15,63.72,98.05,154.99,247.79,418.91,753.53,3380.46
197608,08,7.71,27.19,43.22,64.05,98.12,154.15,246.82,417.47,746.72,3349.04
197609,09,7.55,26.81,41.87,62.77,96.26,150.78,244.68,411.92,741.68,3340.28
197610,10,7.63,27.35,42.85,64.78,98.46,153.97,248.99,418.9,756.3,3420.52
197611,11,7.48,26.82,41.7,63.47,96.27,150.8,242.15,412.4,732.92,3347.22
197612,12,7.62,27.68,43.01,65.24,99.38,156.18,248.65,422.45,745.17,3300.52
197701,01,8.4,30.09,47.17,70.96,108.21,166.98,267.64,451.62,794.77,3455.52
197702,02,8.82,30.89,48.05,71.61,108.38,165.41,261.16,438.36,756.82,3273.65
197703,03,8.82,30.71,47.23,70.8,106.78,159.56,255.86,425.17,735.09,3203.59
197704,04,8.87,30.77,47.1,70.56,106.82,159.68,255.26,423.75,731.85,3140.82
197705,05,9.04,31.18,47.94,71.68,107.58,162.91,258.56,429.44,746.11,3121.39
197706,06,9.1,31.07,47.48,71.43,107.22,161.8,255.22,423.6,740.38,3041.77
197707,07,8.79,31.66,50.55,76.18,114.13,172.64,269.36,446.94,778.51,3236.45
197708,08,8.94,31.79,50.59,75.72,113.65,171.18,265.16,437.4,760.13,3192.39
197709,09,8.9,31.4,50.22,74.75,112.71,169.89,258.62,427.59,737.45,3129.02
197710,10,9.08,31.64,50.29,75.14,114.59,169.84,257.62,430.37,733.28,3118.13
197711,11,8.86,30.79,48.99,72.97,111.63,164.21,249.66,411.7,703.13,2979.79
197712,12,9.52,33.26,52.97,78.08,118.5,174.51,264.34,436.4,729.4,3040.55
197801,01,9.74,33.93,53.88,78.79,118.82,175.53,265.54,435.86,730.38,3051.75
197802,02,9.7,33.2,52.24,75.5,113.58,167.35,250.36,410.97,689.01,2856.45
197803,03,10.01,33.96,52.62,76.3,114.58,167.02,250.69,402.05,672.15,2784.73
197804,04,10.76,35.99,55.96,80.71,119.14,175.53,262.38,417.7,698.54,2827.63
197805,05,11.6,38.75,60.15,86.66,127.75,188.16,280.28,445.38,750.15,3084.38
197806,06,12.49,40.63,63.63,90.47,133.97,196.11,288.41,456.44,767.08,3075.73
197807,07,10.84,37.57,59.31,88.19,133.21,197.85,293.5,461.13,772.32,3109.86
197808,08,11.34,39.67,62.75,94.18,140.15,207.07,310.82,491.53,810.24,3276.47
197809,09,12.49,42.36,67.57,101.7,149.32,221.47,325.45,513.79,834.72,3345.39
197810,10,12.55,41.75,66.67,100.05,147.22,216.87,318.89,507.32,825.47,3320.13
197811,11,9.87,32.92,52.96,81.13,120.37,180.66,271.7,439.02,725.76,3058.09
197812,12,10.28,34.8,56.01,85.47,126.8,186.8,278.72,449.83,744.58,3118.19
197901,01,10.37,35.11,56.59,86.73,128.08,189.26,279.44,453.55,744.15,3173.4
197902,02,11.38,38.12,61.22,93.15,136.48,202.95,293.62,479.95,781.07,3276.51
197903,03,11.14,36.86,59.42,89.63,133.52,195.83,283.06,458.9,752.8,3152.9
197904,04,11.99,39.86,64.38,97.09,146.35,212.67,302.83,496.91,805.46,3299.04
197905,05,12.34,40.87,64.83,99.48,149.42,213.95,307.06,500.32,802.19,3302.72
197906,06,12.17,39.97,63.22,97.94,145.63,208.11,301.72,493.38,799.24,3203.46
197907,07,11.45,40.78,64.72,100.19,147.39,217.89,328.55,533.93,861.81,3422.91
197908,08,11.63,41.97,66.49,103.29,151.5,226.24,339.4,543.02,883.28,3432.68
197909,09,12.43,45.06,71.34,110.81,163.05,239.99,362.15,577.9,930.29,3593.55
197910,10,12.31,44.78,70.35,110.51,163.47,236.29,360.2,569.43,929.1,3597.33
197911,11,10.99,39.73,62.19,98.93,147.49,213.63,327.47,519.06,852.32,3384.35
197912,12,11.75,42.78,66.93,106.5,160.17,228.32,351.67,553.73,902.39,3523.57
198001,01,12.67,45.09,70.86,112.21,167.63,234.74,364.65,569.17,929.68,3552.33
198002,02,14.12,48.78,75.83,119.26,178.4,249.45,384.65,602.98,983.67,3751.49
198003,03,13.98,47.81,74.71,115.84,173.45,240.67,373.35,586.04,948.13,3772.7
198004,04,11.27,38.92,61.24,94.68,141.76,204.11,319.01,504.96,848.22,3408.02
198005,05,11.78,41.61,64.79,100.03,150.42,219.85,336.57,538.01,886.95,3547.08
198006,06,12.56,44.48,69.69,108.77,161.93,235.35,364.26,577.09,933.66,3686.23
198007,07,11.1,40.59,67.46,105.7,161.49,247.05,367.56,611.7,996.98,3865.37
198008,08,12.1,44.79,74.42,117.17,175.89,269.98,399.57,652.48,1075.97,4071.35
198009,09,13.09,47.93,78.57,123,182.13,281.16,412.18,658.14,1096.19,4090.17
198010,10,13.68,49.66,81.03,126.05,187.48,289.46,423.47,675.59,1132.25,4189.24
198011,11,14.5,51.46,83.6,129.88,192.23,293.62,426.16,676.6,1146.81,4258.6
198012,12,15.59,55.21,90.08,140.35,202.68,315.53,466.94,720.76,1247.69,4808.6
198101,01,14.85,52.38,86.51,136.64,197.55,304.76,454.73,703.64,1217.86,4625.7
198102,02,14.8,51.51,85.75,134.13,194.41,297.89,439.17,681.93,1168.62,4362.83
198103,03,14.65,51.19,86.09,136.05,195.79,303.4,443.84,695.55,1176.81,4408.29
198104,04,15.69,55.16,92.54,146.19,207.98,326.46,480.54,747.36,1254.84,4467.93
198105,05,16.22,57.42,94.78,151.3,212.05,332.26,481.12,743.23,1243.89,4337.69
198106,06,16.78,59.16,97.83,155.43,213.4,341.04,491.43,752.81,1253.4,4300.57
198107,07,15.16,55.76,92.25,144.69,218.73,324.43,484.99,779.05,1259.46,4469.95
198108,08,14.76,53.9,90.21,141.27,215.17,317.03,475.92,773.58,1243.9,4524.45
198109,09,13.5,49.31,82.56,130.64,201.47,294.02,445.53,731.42,1163.1,4249.37
198110,10,12.1,44.84,75.09,121.41,185.62,276.21,415.78,676.71,1090.07,3999.78
198111,11,13.01,48.47,80.93,131.11,198.22,294.97,440.99,718.66,1166.8,4192.41
198112,12,13.16,49.95,83.66,135.62,204.58,298.73,459.66,748.52,1196.91,4367.32
198201,01,12.83,48.79,81.81,132.28,200.47,288.57,447.33,724.56,1162.28,4216.72
198202,02,12.61,47.41,79.19,126.39,190.01,278.42,425.12,698.79,1125.69,4148.32
198203,03,12.01,44.99,75.2,120.07,180.13,267.67,402.58,665.97,1067.3,3870.28
198204,04,11.82,44.2,74.58,118.43,179.38,265.74,395.34,654.55,1049.93,3854.95
198205,05,12.36,46.53,78.6,124.91,188.98,279.12,412.18,687.36,1102.35,3992.57
198206,06,12.1,45.62,76.14,118.93,182.53,268.36,393.34,655.59,1041.84,3862.96
198207,07,11.19,44.22,72.55,115.19,174.33,259.34,390.64,617.77,1028.77,3893.66
198208,08,11,43.18,71.03,114.13,171.4,253.59,380.99,594.71,987.78,3820.58
198209,09,11.55,46.05,75.4,123.23,189.47,280.76,422.78,667.99,1101.27,4254.4
198210,10,11.99,47.83,78.25,127.72,197.68,289.16,431.93,687.38,1111.66,4281.3
198211,11,13.62,55.08,89.73,144.51,224.29,329.45,495.79,775.75,1235.26,4718.49
198212,12,15.23,59.41,96.87,156.95,243.22,354.58,530.43,816.55,1290.65,4854.95
198301,01,15.6,60.28,97.68,156.73,243.19,355.52,532.78,823.06,1298.94,4914.13
198302,02,17.4,65.07,103.46,167.04,254.98,369.46,549.69,850.28,1328.13,5096.72
198303,03,18.32,68.46,109.9,175.7,267.89,385.57,570.13,870.49,1361.05,5176.23
198304,04,19.43,71.48,114.75,181.34,280.21,401.97,586.55,892.58,1406.39,5323.84
198305,05,21.06,77.31,123.38,196.83,299.15,428.27,625.71,946.92,1495.34,5756.78
198306,06,23.32,83.8,130.79,206.35,309.8,445.48,648.89,975.68,1520.97,5604.18
198307,07,21.84,82.93,137.56,209.39,301.85,444.69,676.86,998.61,1631.33,6022.94
198308,08,21.41,81.21,134.27,201.09,294.02,429.11,650.74,966.67,1573.74,5804.68
198309,09,20.47,78.75,129.29,195.07,282.5,416.75,641.56,968.05,1561.45,5888.32
198310,10,20.31,78.96,132.44,199.39,289,432.22,661.39,981.53,1591.93,5935.51
198311,11,19.13,73.99,124.3,185.98,272.26,412.82,632.18,946.48,1550.53,5865.13
198312,12,19.68,76.67,128.71,196.72,283.5,431.83,657.49,987.87,1574.03,5940.11
198401,01,19.27,75.42,127.11,192.24,277.5,423.88,642.44,962.64,1543.18,5911.95
198402,02,19.44,74.33,124.71,189.23,267.6,404.57,618.89,929.03,1520.92,5873.32
198403,03,18.35,69.93,117.58,178.8,252.21,378.96,581.14,883.67,1433.69,5676.64
198404,04,18.42,70.47,118.1,178.18,255.62,382.1,590.66,894.32,1464.7,5699.09
198405,05,17.92,69.99,117.44,178.57,255.02,380.15,585.71,870.95,1448.76,5793.44
198406,06,17.05,66.33,110.92,167.67,237.16,359.21,553.11,820.76,1364.81,5408.25
198407,07,16.38,68.54,115.11,176.67,269.22,389.59,578.17,889.52,1512.76,5444.86
198408,08,15.5,65.51,109.44,169.84,258.96,377.44,554.43,858.32,1487.02,5421.14
198409,09,16.85,72.33,122.95,188.58,291.64,423.45,615.71,963.19,1642.11,5959.5
198410,10,16.94,71.91,121.78,187.15,292,421.46,612.67,968.28,1647.66,5961.18
198411,11,16.59,70.35,120.28,185.51,291.87,414.93,605.71,971.98,1653.46,5964.77
198412,12,16.01,68.74,116.88,181.06,289.94,410.61,595.18,961.85,1644.67,5863.68
198501,01,16.05,69.66,118.9,183.58,297.1,421.39,606.67,986.9,1684.83,5980.65
198502,02,18.13,78.13,134.12,204.21,327.6,463.89,669.74,1072.66,1796.72,6411.03
198503,03,18.93,80.04,137,208.97,331.43,464.86,675.04,1088.51,1825.74,6474.76
198504,04,18.73,78.68,133.87,205.05,327.4,457.18,672.28,1081.08,1840.51,6453.99
198505,05,18.59,78.36,131.39,204.68,327.36,453.51,662.53,1067.09,1831.42,6438.56
198506,06,19.09,80.88,136.82,212.29,343.75,473.89,692.6,1129.23,1956.72,6695.14
198507,07,16.75,72.4,122.54,193.62,306.08,469.32,723.06,1129.59,2053.95,6729.13
198508,08,17.27,74.34,125.87,198.76,310.66,476.65,725.04,1122.21,2013.91,6674.85
198509,09,17.3,73.88,124.72,197.89,306.78,472.08,720.75,1107.93,1994.08,6633.55
198510,10,16.34,69.69,117.32,186.33,289.91,451.12,681.67,1049.46,1888.73,6432.42
198511,11,16.66,71.92,121.88,193.46,300.53,465.52,707.77,1105.62,2005.19,6729.48
198512,12,17.47,77.01,130.4,207.57,321.63,493.48,758.1,1171.49,2139.13,7195.73
198601,01,18.16,80.37,136.53,215,335.96,512.17,784.36,1215.99,2216.46,7573.31
198602,02,19.12,82.3,138.04,217.6,342.65,521.9,796.92,1235.09,2272.16,7582.41
198603,03,20.39,87.9,148.79,232.41,368.68,555.94,850.81,1329.75,2459.72,8108.99
198604,04,21.35,92.6,155.39,242.6,384.51,591.84,902.37,1380.09,2568.71,8603.77
198605,05,21.88,94.18,155.94,246.2,391.09,593.59,890.49,1367.56,2497.77,8501.25
198606,06,22.75,98.44,160.7,255.35,406.56,623.73,931.95,1436.14,2631.02,8940.24
198607,07,20.26,85,147.09,234.02,372.9,591.58,900.91,1422.21,2612.19,9065.21
198608,08,18.73,77.61,132.88,214.44,337.92,548.08,841.83,1321.74,2466.71,8604.5
198609,09,18.85,78.52,136.74,223.46,351.03,582.55,898.1,1418.77,2633.85,9222.43
198610,10,17.77,72.98,127.71,207.32,327.42,540.8,838.08,1308.96,2415.27,8357.15
198611,11,18.21,74.54,132.53,215.46,335.94,555.18,881.28,1373.05,2559.16,8786.43
198612,12,17.98,73.7,131.6,213.68,335.06,552.22,885.21,1371.53,2583.73,8974.24
198701,01,17.25,71.06,127.58,206.93,325.67,537.89,851.35,1318.1,2480.62,8745.92
198702,02,19.11,78.7,142.84,231.18,362.37,601.29,963.5,1474.18,2786.77,9899.43
198703,03,20.67,84.27,152.88,250.1,385.65,641.01,1017.95,1548.19,2908.27,10197.97
198704,04,21.36,85.1,155.89,252.94,391.5,644.5,1032.3,1560.69,2932.92,10443.12
198705,05,20.99,83.03,152.5,242.84,377.41,628.06,1016.21,1492.83,2859.79,10340.77
198706,06,21.02,82.43,152.01,238.92,378.69,630.86,1015.18,1495.78,2854.3,10413.72
198707,07,21.47,90.65,157.54,246.35,400.23,655.23,1047.29,1627.42,2949.28,10809.12
198708,08,21.99,92.88,161.31,254.45,415.09,684.64,1086.88,1708.32,3079.21,11261.41
198709,09,22.29,94.99,167.11,262.63,431.77,698.58,1127.62,1754.19,3172.66,11739.46
198710,10,22.15,92.19,162.93,257.37,420.2,680.03,1107.92,1725.7,3088.85,11452.29
198711,11,15.78,63.88,115.26,181.35,300.35,501.48,812.71,1303.35,2381.87,9178.74
198712,12,14.95,60.26,109.15,170.72,285.85,480.76,768.14,1222.92,2211.74,8291.69
198801,01,15.18,63.7,116.19,184.79,307.8,518.7,837.27,1309.22,2378.2,8811.7
198802,02,16.39,66.65,121.24,191.14,316.39,543.65,862.39,1360.35,2514.85,9182.35
198803,03,17.33,71.12,128.88,208.88,339.34,578.09,926.02,1457.24,2610.45,9448.41
198804,04,18.05,74.24,132.69,215.1,345.72,577.23,932.8,1460.08,2553.42,9027.61
198805,05,18.34,75.79,135.09,220.48,346.48,579.83,930.22,1456.56,2564.22,9107.72
198806,06,17.89,73.9,130.63,213.64,341.14,575.33,909.47,1455.01,2545.36,9170.68
198807,07,17.4,73.93,129.25,210.57,355.94,577.37,936.48,1562.95,2728.56,9369.77
198808,08,17.49,73.71,128.54,207.68,350.25,562.77,912.33,1535.57,2666.96,9372.44
198809,09,17.11,71.55,125.5,199.88,337.9,549.24,892.23,1502.42,2585.12,9027.97
198810,10,17.3,72.96,129.28,203.99,346.73,560.77,923.41,1540.67,2702.13,9396.29
198811,11,17,71.61,128.2,201.3,345.42,559.88,925.23,1540.62,2718.33,9675.8
198812,12,16.34,68.73,122.69,195.58,336.25,542.92,901.2,1483.64,2637,9538.18
198901,01,16.65,70.44,127.78,201.38,346.62,557.3,917.18,1511.24,2655.94,9680.43
198902,02,17.57,73.77,133.57,209.47,360.42,590.24,968.63,1599.74,2831.34,10353.47
198903,03,17.71,74.03,134.19,211.85,359.95,590.26,963.99,1595.29,2775.02,10001.59
198904,04,18.05,75.62,137.36,215.83,370.99,593.8,971.64,1618.65,2834.67,10219.24
198905,05,18.61,77.37,143.25,225.32,390.53,623.07,1025.71,1698.27,2967.28,10634.92
198906,06,19.22,79.69,147.81,232.69,406.33,649.92,1062.47,1745.12,3099.51,10998.52
198907,07,17.78,78.71,143.33,245.83,412.52,654.5,1029.11,1740.56,3082.61,10843.91
198908,08,18.36,81.02,149.69,256.1,431.21,683.4,1090.96,1876.98,3322.68,11816.36
198909,09,18.82,82.37,154.38,263.96,444.4,704.44,1131.64,1927.94,3426.42,11904.39
198910,10,18.88,82.72,154.4,265.91,440.84,698.03,1115.85,1888.86,3399.72,11926.4
198911,11,17.82,77.54,145.49,248.56,417.15,661.14,1059.88,1798.57,3237.59,11759.07
198912,12,17.56,77.55,146.63,247.68,420.51,668.13,1063.93,1831.4,3265.02,11977.13
199001,01,17.25,76.92,146.85,245.93,417.5,671.27,1079.43,1865.89,3310.51,12245.95
199002,02,16.32,70.55,133.59,224.37,378.6,619.73,999.08,1705.61,3076.58,11389.5
199003,03,16.48,72.38,138.63,229.03,386.61,633.38,1012.33,1735.93,3125.5,11470.18
199004,04,16.92,74.05,145.25,235.98,400.37,643.62,1046.79,1767.31,3153.24,11745.26
199005,05,16.66,71.37,141.95,224.26,386.24,617.93,991.03,1688.56,3021,11528.97
199006,06,17.56,75.73,153.12,238.73,410.84,667.1,1077.98,1828.56,3289.66,12565.29
199007,07,15.06,70.79,135.7,235.68,386.8,634.36,1013.74,1732.76,3164.98,12528.57
199008,08,14.53,67.42,129.48,225.56,371.36,610.16,990.05,1683.87,3096.58,12510.34
199009,09,12.75,57.93,112.02,196.76,323.29,538.03,886.47,1505.48,2795.01,11396.18
199010,10,11.7,52.46,101.61,177.64,292.14,497.63,832.64,1380.96,2612.89,10911.74
199011,11,10.93,49.02,95.51,167.15,273.3,477.03,802.93,1337.18,2545.48,10939.8
199012,12,11.16,50.83,101.85,179.34,297.54,518.22,864.17,1458.7,2783.09,11505.93
199101,01,11.08,51.46,104.64,188.83,310.22,542.36,900.48,1510.09,2869,11747.57
199102,02,11.92,55.69,113.06,202.95,338.15,578.82,957.38,1597.54,3037.01,12202.09
199103,03,13.54,62.75,125.07,226.12,370.95,627.67,1050.32,1716.29,3243.76,12968.97
199104,04,14.97,66.66,133.16,238.15,391.83,655.14,1084.13,1785.84,3328.63,13234.72
199105,05,15.48,66.72,133.66,238.9,395.55,653.07,1081.9,1805.79,3374.86,13165.51
199106,06,15.97,69.48,139.76,248.03,411.06,679.47,1127.73,1894.41,3531.61,13593.37
199107,07,13.28,62.22,129.37,227.44,379.33,617.14,999.38,1698.6,3151.38,12787.69
199108,08,13.64,64.7,134.06,236.53,397.54,650.56,1045.83,1771.45,3293.96,13380.16
199109,09,13.96,67.29,138.48,245.56,416.87,674.35,1066.5,1810.81,3368.2,13726.99
199110,10,14.13,68.32,139.98,244.07,415.57,668.54,1057.31,1796.61,3330.95,13470.58
199111,11,14.52,71.8,143.69,248.95,426.4,683.46,1068.15,1833.65,3405.5,13607.68
199112,12,14.49,68.37,135.54,236.99,402.35,654.8,1026.83,1757.21,3234.74,13109.34
199201,01,14.96,72.55,144.88,258.63,444.44,727.8,1127.62,1952.72,3600.08,14600.15
199202,02,17.55,81.23,156.2,275.92,466.47,755.11,1139.78,1973.39,3591.34,14175.44
199203,03,18.6,84.4,159.48,281.35,477.02,773.3,1159.75,2007.57,3657.28,14198.18
199204,04,18.55,80.55,153.46,271.03,464.44,754.57,1124.2,1940.69,3553.21,13900.93
199205,05,17.8,76.56,146.38,262.32,457.9,737.27,1119.95,1967.7,3621.75,14290.54
199206,06,18.07,76.45,146.53,264.94,461.82,738.94,1122.4,1972.52,3630.53,14335.93
199207,07,17.72,75.6,144.6,254.31,416.94,675.63,1060.85,1832.95,3414.92,13904.49
199208,08,18.37,77.77,150.44,262.1,433.42,709.1,1099.43,1913.74,3549.64,14453.92
199209,09,17.88,75.26,146.38,255.02,418.21,691.04,1068.81,1870.36,3450.29,14134.31
199210,10,18.13,76.01,151.11,258.8,426.18,710.64,1078.59,1900.07,3532.41,14225.47
199211,11,18.45,78.37,156.29,267.69,442.32,733.42,1105.36,1956.54,3593.95,14213.76
199212,12,19.93,86.3,169.41,286.91,473.12,782.17,1153.2,2048.27,3746.56,14608.04
199301,01,21,88.92,174.25,296.03,488.78,809.69,1184.84,2106.05,3781.45,14743.7
199302,02,22.67,92.15,179.66,303.05,500.75,822.48,1202.78,2156.81,3848.33,14718.63
199303,03,22.33,88.08,174.18,295.48,492.65,806.64,1197.19,2143.08,3869.76,14852.41
199304,04,23.19,90.49,178.92,302.9,509.36,843.7,1239.74,2211.2,3973.64,15083.82
199305,05,22.84,87.48,174.08,294.19,492.37,824.26,1205.83,2141.09,3853.9,14643.33
199306,06,23.76,91.37,183.21,305.3,514.56,863.54,1241.27,2220.32,3936.98,14978.2
199307,07,22.9,95.06,194.7,325.64,518.06,804.45,1277.36,2095.78,3863.17,14815.7
199308,08,23.26,96.2,196.91,328.54,524.34,803.07,1281.57,2094.4,3882.41,14698.31
199309,09,24.17,100.26,205.79,344.49,543.7,837.19,1334.13,2207.12,4029.72,15155.96
199310,10,25.14,102.96,210.67,356.71,555.74,849.07,1339.68,2206.57,4015.18,15031.1
199311,11,26.43,107.12,218.99,361.25,567.53,849.31,1344.94,2229.61,4019.24,15300.38
199312,12,25.7,103.42,210.8,347.24,548.28,826.54,1290.91,2171.58,3956.93,15110.17
199401,01,25.8,104.83,216.3,359.94,573.61,859.17,1343.75,2247.2,4039.9,15177.59
199402,02,27.34,108.57,223.13,367.38,582.63,882.49,1383.67,2305.82,4131.85,15632.15
199403,03,27.09,107.48,221.76,363.46,586.1,877.83,1362.43,2259.46,4036.31,15072.26
199404,04,25.83,101.63,206.42,342.79,559.17,829.95,1298.37,2148.22,3880.89,14393.23
199405,05,25.59,100.69,205.57,345.07,559.3,831.98,1311.52,2157.63,3891.44,14590.64
199406,06,25.59,99.64,202.44,338.97,547.22,823.38,1292.47,2161.04,3913.08,14837.45
199407,07,25.47,101.59,195.7,317.7,498.63,754.88,1172.94,1949.94,3623.21,14155.37
199408,08,25.75,101.67,200.27,323.59,509.64,779.93,1217.31,2009.51,3743.6,14593.35
199409,09,26.5,106.25,210.81,344.84,544.17,818.24,1279.92,2101.6,3917.99,15183.02
199410,10,26.94,107.27,212.53,341.59,539.05,809.78,1254.9,2055.07,3799.46,14788.76
199411,11,27.08,107.63,211.92,339.64,535.75,823.81,1257.9,2056.89,3831.3,15157.7
199412,12,26.05,103.55,203.52,325.94,514.1,776.7,1189.02,1981.74,3655.7,14633.94
199501,01,25.53,103.19,206.14,332.7,526.61,794.46,1205.11,1999.19,3673.94,14802.97
199502,02,26.41,104.29,205.12,326.72,513.36,793.58,1219.1,2028.95,3777.24,15217.75
199503,03,27.01,107.76,212.65,338.76,535.46,833.87,1282.94,2112.44,3971.42,15694.03
199504,04,27.69,108.94,219.92,345.08,546.32,849.96,1318.04,2147.13,4094.81,16072.49
199505,05,28.61,111.53,225.27,349.83,556.92,856.07,1346.1,2169,4154.67,16565.44
199506,06,29.4,113.56,229.24,352.94,562.37,875.79,1367.59,2221.22,4303.81,17208.19
199507,07,29.2,115.59,217.21,349.99,535.04,824.4,1322.75,2166.38,4175.14,17430.34
199508,08,30.84,123.65,230.47,374.56,568.33,871.87,1401.9,2263.6,4332.26,17978.9
199509,09,32.36,128.31,234.23,382.12,580.73,880.12,1418.15,2299.63,4412.99,17967.55
199510,10,33.27,131.33,237.58,387.13,589.3,892.45,1452.88,2349.85,4509.92,18922.7
199511,11,31.64,125.35,222.3,362.43,564.19,875.12,1435.82,2275.67,4403.23,19036.41
199512,12,31.76,128.43,230.73,381.08,583.81,923.71,1496.75,2373.95,4613.51,19846.27
199601,01,32.05,131.85,236.59,391.74,590.3,944.56,1497.4,2358.19,4632.14,20191.49
199602,02,32.85,131.81,234.69,389.57,589.37,932.02,1505.12,2416.02,4772.95,20886.48
199603,03,33.82,135.62,241.24,402.29,609.95,956.66,1546.65,2449.12,4877.65,21059.95
199604,04,34.88,139.6,244.67,412.53,624.25,983.03,1581.36,2458.98,4903.65,21266.06
199605,05,37.53,150.78,262.58,438.99,653.86,1022.02,1632.84,2536.35,4993.21,21484.16
199606,06,40.88,159.01,276.75,457.76,674.47,1039.59,1653.55,2569.53,5067.03,22033.74
199607,07,36.77,143.23,264.97,425.23,639.56,980.97,1518.86,2497.91,4816.34,21610.37
199608,08,33.43,129.68,234.74,386.67,581.99,896.54,1428.77,2334.31,4506.29,20696.34
199609,09,34.57,135.85,247.79,409.91,623.23,951.32,1503.3,2451.31,4663.35,21102
199610,10,35.36,140.6,257.42,424.81,650.43,999.24,1563.86,2572.79,4898.29,22324.32
199611,11,34.49,137.89,253.88,416.13,628.95,976.19,1577.52,2556.18,4944.52,22893.35
199612,12,35,141.7,261.95,425.25,649.92,1022.01,1663.94,2708.45,5272.6,24789.59
199701,01,34.97,144.28,268.73,434.38,653.76,1023.34,1669.61,2678.95,5074.91,24295.88
199702,02,37.34,149.82,276.79,443.77,673.44,1034.03,1718.64,2751.65,5317.36,25930.95
199703,03,36.89,145.3,265.61,429.77,660.87,1006.51,1709.09,2747.98,5301.7,26067.55
199704,04,35.24,137.38,249.05,409.9,621.76,963.24,1614.08,2617.26,5071.9,24908.12
199705,05,34.15,131.57,245.57,406.82,626.15,976.95,1640.89,2664.76,5223.2,26544.52
199706,06,36.85,145.46,276.06,455.6,698.44,1068.11,1783.29,2869.51,5564.07,28263.94
199707,07,39.67,163.55,303.77,477.4,709.14,1027.74,1657.57,2789.79,5312.91,27904.73
199708,08,41.73,173.08,313.35,507.62,748.34,1091.91,1760.83,2994.76,5794.23,30333.69
199709,09,43.51,180.57,324.87,520.21,770.68,1096.17,1764.53,2984.4,5665.26,28373.61
199710,10,47.92,197.02,351.41,561.04,829.36,1163.43,1874.97,3115.98,5978.56,29861.18
199711,11,47.03,188.58,333.53,537,782.99,1120.91,1788.17,2961.54,5760.9,29053.59
199712,12,45.82,185.8,326.65,524.41,776.66,1112.1,1809.14,3012.94,5905.14,30590.08
199801,01,44.07,185.57,328.09,530.67,784.15,1133.66,1853.82,3048.55,6107.58,31164.86
199802,02,43.98,183.37,326.11,521.63,778.75,1108.82,1835.92,3011.11,5944,31749.9
199803,03,46.57,195.52,350.68,563.01,840.53,1206.19,1975,3235.89,6414.41,33964.05
199804,04,48.95,205.44,366.11,588.82,871.83,1261,2072.45,3386.03,6708.6,35814.27
199805,05,50.35,210.27,367.46,601.2,876.65,1272.46,2090.94,3379.84,6722.14,36357.34
199806,06,48.35,198.85,345.78,563.52,826.96,1197.58,1993.46,3255.09,6545.71,35806.99
199807,07,47.08,188.28,341.93,536.03,793.59,1197.37,1892.85,3204.38,6682.54,36699.95
199808,08,44.36,176.42,315.76,494.2,732.19,1098.96,1784.6,3024.38,6388.52,36667.49
199809,09,35.21,135.9,248.71,396.33,583.4,878.49,1449.21,2502.9,5432.36,31319.75
199810,10,36.03,143.09,265.52,426.1,618.42,939.73,1516.89,2669.33,5734.45,33382.34
199811,11,36.56,147.56,275.03,444.39,649.56,977.63,1617.24,2866.76,6165.46,36084.39
199812,12,39.65,159.45,293.61,470.91,694.08,1024.31,1693.88,2971.3,6512.48,38573.05
199901,01,40.15,165.7,310.34,496.42,736.69,1102.75,1774.13,3143.87,6868.23,41365.16
199902,02,43.39,172.81,317.68,496.43,756.05,1104.32,1754.5,3084.88,6956.12,43375.67
199903,03,41.28,159.77,288.64,452.46,687.1,1024.41,1678.49,2931.79,6809.13,41892.84
199904,04,39.97,156.03,289.16,458.56,717.46,1049.12,1691.26,3039.84,7110.79,43498.06
199905,05,43.28,173.6,317.6,484.82,794.41,1153.63,1821.14,3325.68,7533.02,44753.19
199906,06,44.59,175.69,321.97,493.26,794.17,1153.06,1850.09,3334.3,7356.98,43609.66
199907,07,38.48,155.85,307.13,492.15,730.66,1118,1774.35,3216.34,6987.73,47807.66
199908,08,39.4,157.01,303.43,480.91,713.03,1088.83,1762.1,3124.91,6724.4,46173.98
199909,09,38.44,151.63,288.91,462.7,690.75,1044.8,1690.01,3081.29,6580.66,46033.21
199910,10,37.56,150.01,289.34,459.07,695.54,1042.28,1657.07,3018.92,6263.68,44787.26
199911,11,37.36,147.24,283.91,457.95,706.66,1050.7,1745.56,3167.83,6645.62,47910.9
199912,12,41.99,160.56,308.72,494.16,748.55,1108.83,1850.86,3303.1,6787.61,49064.96
200001,01,47.28,185.87,337.56,550.26,831.24,1179.31,2072.62,3703.22,7255.36,51958.29
200002,02,52.28,188.35,340.69,533.96,787.94,1129.04,1970.91,3560.48,7006.56,49498.98
200003,03,68.01,237.02,401.77,627.55,882.82,1252.91,2234.32,4021.88,7466.01,48157.66
200004,04,61.14,208.83,380.17,582.2,840.05,1232.57,2293.47,4165,7867.69,53483.49
200005,05,49.45,182.79,335.8,544.26,790.72,1168.48,2161.94,3902.88,7462.01,51669.83
200006,06,44.28,169.96,309.18,501.75,754.38,1127.9,2031.58,3752.73,7239.31,50054.61
200007,07,34.02,134.31,269.93,450.18,717.77,1115.89,1783.76,3150.51,6786.47,50499.57
200008,08,33.43,131.37,265.82,430.78,692.12,1079.23,1712.67,3088.15,6725.97,49660.39
200009,09,34.86,141.62,279.17,456.36,744.67,1160.72,1835.14,3407.4,7356.72,53215.04
200010,10,34.03,136.07,269.29,441.28,707.26,1121.84,1745.26,3239.91,7298.46,50407.16
200011,11,31.81,125.4,257.33,415.55,672.56,1059.68,1681.54,3160.6,7110.21,49722.59
200012,12,29.1,111.07,233.51,367.89,600.41,941.29,1546.46,2844.16,6409.39,44921.16
200101,01,28.34,112.38,248.42,394.37,653.56,1028.3,1683.56,3059.43,6842.34,44921.15
200102,02,33.45,129.4,274.22,424.99,685.38,1073.73,1721.13,3170.1,7035.27,46756.02
200103,03,32.61,122.63,259.39,403.12,638.34,991.22,1622.11,2902.67,6671.53,41778.76
200104,04,32.59,117.45,249.29,392.49,603.9,923.99,1510.71,2777.81,6329.06,38655.76
200105,05,33.99,126.04,267.96,424.21,652.24,1009.93,1639.5,3071.39,6797.15,41821.42
200106,06,37.15,143.36,280.3,436.03,669.58,1033.36,1697.55,3160.98,6941.2,41855.55
200107,07,37,177.98,360.19,595.59,930.6,1381.28,2122.12,3857.11,8222.14,51679.71
200108,08,37.2,170.28,337.21,555.15,877.52,1319.67,2090.54,3753.9,7873.16,51319.88
200109,09,36.14,164.69,323.68,529.22,843.8,1265.97,1991.84,3550.77,7482.58,47962.82
200110,10,32.28,141.91,272.77,444.02,714.38,1100.69,1743.58,3025.45,6658.17,44535.55
200111,11,34.68,150.21,290.72,476.53,771.98,1177.06,1827.75,3161.1,6903.12,45246.24
200112,12,36.6,162.08,315.78,524.03,833.8,1267.09,1953.17,3471.43,7399.98,48697.76
200201,01,39.34,175.03,339.12,562,882.21,1345.46,2061.51,3634.6,7582.72,49121.59
200202,02,41.44,173.61,335.57,548.7,868.73,1316.06,2061.51,3579.93,7546.07,48184.68
200203,03,40,165.73,322.43,530.41,841.94,1293.74,2032.59,3543.08,7411.71,47017.46
200204,04,43.53,180.48,353.39,576.82,918.71,1380.51,2151.94,3772.04,7841.37,48544.5
200205,05,44.59,183.56,357.6,585.73,919.39,1366.17,2113.61,3741.51,7586.11,45155.39
200206,06,45.42,176.77,337.74,557.08,871.67,1324.11,2079.9,3700.34,7519.48,44765.29
200207,07,45.49,231.62,429.09,671.92,993.07,1449.71,2214.94,3818.05,8008.9,45100.01
200208,08,40.88,192.65,362.43,563.48,867.32,1309.3,1993.51,3419.81,7229.05,42140.46
200209,09,40.78,189.25,359.17,570.06,869.87,1333.15,2002.47,3428.47,7256.28,42593.36
200210,10,38.01,173.74,331.92,529.67,802.06,1213.6,1819.43,3051.78,6626.01,37906.79
200211,11,39.57,178.4,345.85,546.58,842.86,1258.24,1913.22,3213.16,7053.33,41523.95
200212,12,44.44,200.43,381.25,596.86,916.83,1349.84,2073.59,3504.29,7402.72,43655.18
200301,01,42.94,187.33,354.48,561.62,860.78,1293.47,1954.44,3330.75,7115.19,40866.52
200302,02,44.08,182.66,343.81,545.47,837.6,1246.64,1926.34,3261.72,6973.07,39586.18
200303,03,43.86,174.35,334.26,530.12,806.36,1213.84,1887.83,3197.47,6923.68,38889.37
200304,04,44.99,175.92,336.64,540.23,816.27,1225.53,1893.24,3209.41,6983.6,39158.28
200305,05,49.63,194.28,372.32,590.12,906.11,1327.99,2061.82,3466.53,7428.81,42420.59
200306,06,57.1,220.91,412.95,652.34,999.12,1427.49,2261.48,3790.61,8085.82,44229.75
200307,07,57.78,241.22,419.29,649.04,993.15,1466.15,2211.89,3765.54,7845.47,44744.5
200308,08,63.32,259.78,452.08,691.93,1044.7,1521.13,2299.31,3892.03,8002.57,45378.3
200309,09,66.75,272.43,473.44,723.92,1104.26,1594.8,2416.15,4075.45,8297.74,45894.53
200310,10,69.92,272.98,462.12,703.43,1071.07,1571.34,2381.29,4001.69,8145.51,45383.26
200311,11,76.78,297.26,503.45,763.24,1160.81,1700.99,2561.79,4347.91,8707.66,47633.06
200312,12,81.11,309.91,519.97,787.66,1195.31,1766.14,2640.13,4453.35,8883.16,47869.15
200401,01,83.61,316.96,530.75,804.29,1215.37,1821,2682.61,4585.5,9168.64,50361.68
200402,02,90.73,334.22,556.53,835.06,1254.97,1872.26,2766.13,4670.65,9432.64,51094.22
200403,03,91.5,334.1,556.4,846.14,1263.72,1919.75,2830.88,4757.27,9613.49,51671.83
200404,04,91.24,331.04,559.27,854.43,1278.25,1927.62,2829.91,4733.71,9554.25,50840.43
200405,05,87.46,311.94,532.71,817.25,1234.54,1849.66,2741.66,4578.98,9370.82,50274.29
200406,06,87.38,310.13,539.82,833.27,1254.5,1881.79,2795.51,4655.69,9544.75,50677.51
200407,07,95.98,384.1,639.62,926.9,1382.56,1959.06,2944.72,4936.88,9965.53,51025.7
200408,08,89.8,346.84,595.05,863.38,1302.27,1849.69,2790.29,4675.4,9591.43,49302.35
200409,09,88.62,342.2,591.09,846.59,1292.79,1826.94,2763.65,4658.79,9616.71,49424.38
200410,10,92.04,358.81,624.58,892.34,1347.46,1885.27,2871.86,4795.32,10006.88,49593.54
200411,11,93.67,364.25,642.15,906.02,1374.56,1931.04,2932.95,4908.97,10305.33,49966.01
200412,12,101.52,399.11,701.59,980.75,1476.84,2053.08,3127.83,5233.82,10876.28,51795.81
200501,01,108.46,411.55,728.26,1006.01,1512.41,2138.49,3290.36,5429.31,11200.82,53541.32
200502,02,104.9,392.17,696.17,974.19,1451.1,2082.57,3240.81,5235.26,11041.09,52142.02
200503,03,106.37,391.41,711,1003.18,1484.24,2115.68,3349.58,5356.96,11388.52,52896.41
200504,04,102.06,376.95,691.29,981.07,1440.37,2082.36,3317.49,5274.02,11343.37,51795.64
200505,05,95.97,353.29,644.87,917.29,1362.14,1985.58,3187.87,5064.88,10975.02,51063.02
200506,06,100.39,375.7,689.82,984.73,1449.22,2078.33,3382.24,5333.47,11366.23,52477.46
200507,07,106.44,434.78,749.7,1111.41,1544.79,2191.07,3316.24,5613.76,11323.29,52792.32
200508,08,115.6,463.39,805.03,1178.98,1634.17,2307.24,3497.68,5896.02,11867.24,54787.07
200509,09,114.4,456.08,790.35,1161.71,1605.49,2288.24,3463.7,5846.11,11709.1,54226.98
200510,10,115.94,457.04,790.02,1173.16,1614.75,2304.3,3501.72,5918.99,11916.16,54407.99
200511,11,112.24,443.09,766.78,1132.29,1559.47,2236.86,3390.41,5762.8,11594.31,53758.97
200512,12,116.34,466.56,804.41,1181.97,1630.53,2376.2,3521.59,6007.73,12018,55568.04
200601,01,117.91,464.55,807.65,1168.77,1623.35,2400.13,3555.49,6053.88,12123.07,55460.82
200602,02,128.18,509.87,882.87,1267.03,1755.71,2535.69,3747.54,6316.09,12588.01,56398.27
200603,03,129.67,503.9,882.04,1254.04,1741.97,2520.94,3730.99,6322.13,12509.6,56390.8
200604,04,136.54,526.41,920.21,1308.47,1826.43,2598.74,3832.23,6458.83,12710.38,57301.36
200605,05,137.12,525.96,932.89,1307.64,1836.64,2602.49,3902.21,6473.53,12881.21,58080.05
200606,06,129.26,494,884.28,1239.14,1718.26,2510.69,3727.63,6274.17,12423.81,56646.62
200607,07,127.97,497.58,836.99,1211.29,1708.64,2512.77,3613.78,6059.75,12517.25,56102.55
200608,08,123.27,477.36,804.35,1164.94,1641.88,2423.91,3451.15,5911.75,12357.51,56624.4
200609,09,126.3,492.92,833.59,1191.47,1678.68,2477.74,3503.08,6050.75,12610.77,57837.3
200610,10,127.56,493.62,846.55,1197.1,1694.9,2494.98,3570.41,6135.81,12841.92,59582.34
200611,11,134.6,525.06,894.06,1256.9,1777.27,2608.93,3694.77,6396.16,13303.52,61686.91
200612,12,137.28,535.27,919.07,1281.27,1837.74,2710.6,3841.01,6612.45,13679.72,62408.75
200701,01,140.19,539.84,911.72,1283.66,1832.01,2711.17,3853.67,6611.04,13664.68,63329.88
200702,02,142.35,542.08,928.34,1301.53,1876.28,2790.25,3978.37,6813.97,14045.5,64055.98
200703,03,141.9,536.64,924.03,1294.82,1882.92,2810.31,3978.16,6804.9,13984.52,62372.32
200704,04,143.22,538.63,932.2,1292.31,1926.53,2839.34,4028.59,6846.56,14113.64,63037.71
200705,05,146.31,542.61,949.49,1316.68,1987.05,2956.49,4185.59,7138.43,14663.11,65767.2
200706,06,149.34,559.76,978.1,1364.78,2090.13,3117.89,4359.28,7390.43,15126.48,67863.64
200707,07,144.21,559.7,951.49,1430.74,2110.51,3093.93,4364.85,7219.49,14781.54,65537.89
200708,08,136.21,516.46,886.52,1342.84,1997.39,2950.69,4159.03,6883.07,14352.54,63713.64
200709,09,134.24,522.9,906.06,1357.3,2027.87,2914.14,4130.67,6891.13,14305.52,65164.5
200710,10,136.32,526.56,911.32,1373.22,2070.56,3004.03,4230.85,7058.31,14821.75,67922.05
200711,11,137.95,535.44,927.29,1405.96,2121.93,3074.21,4294.1,7149.72,15145.49,69469.12
200712,12,126.33,486.68,856.58,1305.48,1996.23,2860.71,4053.66,6752.67,14570.61,66575.88
200801,01,125.03,482.12,851.53,1306.52,1960.62,2831.15,3977.96,6678.79,14636.34,65978.4
200802,02,116.42,439.26,788.46,1212.05,1831.62,2654.03,3769.31,6272.63,13727.65,61967.12
200803,03,113.35,415.11,764.57,1164.43,1765.53,2616.59,3698.14,6129.04,13407.53,59848.93
200804,04,110.85,414.77,771.83,1170.55,1747.28,2582.17,3596.97,6041.62,13106.15,59660.42
200805,05,112.54,425.04,786.06,1210.82,1859.25,2785.35,3785,6404.21,13931.04,61985.44
200806,06,116.04,439.6,825.68,1283.1,1957.04,2915.47,3963.39,6666.22,14467.73,62306.54
200807,07,86.75,350.67,627.52,1003.18,1573.28,2445.02,3675.06,5944,12429.45,57194.3
200808,08,88.94,372.06,652.75,1043.93,1584.31,2468.13,3574.31,5810.55,12112.61,56705.08
200809,09,91.81,387.17,680.96,1105.92,1641.44,2540.97,3630.3,5954.83,12198.96,57297.25
200810,10,83.78,357.49,627.06,1025.89,1455.29,2286.48,3191.42,5190.36,10750.75,52574.11
200811,11,66.95,286.62,486.64,812.85,1151.18,1848.07,2462.44,4057.72,8463.16,44640.23
200812,12,56.71,252.99,425.24,725,999.78,1680.33,2204.4,3664.43,7563.62,41685.05
200901,01,58.41,265.37,453.36,762.51,1039.38,1756.74,2295.68,3819.48,7727.92,42224.18
200902,02,54.45,228.72,405.73,676.15,936.36,1613.9,2146.52,3539.69,7191.76,38764.29
200903,03,47.77,202.07,354.69,597.71,845.64,1453.79,1931.57,3209.05,6468.42,34426.35
200904,04,52.54,223.09,385.9,657.17,933.14,1583.28,2126.49,3451.3,6936.44,37298.5
200905,05,60.92,264.28,449.05,759.61,1097.72,1798.19,2416.39,3899.06,7954.34,40051.93
200906,06,66.54,269.65,460.24,786.33,1113.31,1838.26,2501.9,4095.04,8400.47,42180.49
200907,07,55.22,237.63,441.83,729.43,1101.39,1670.69,2517.77,3815.76,8162.47,41971.19
200908,08,61.32,260.95,489.57,797.12,1211.98,1826.75,2738.91,4145.63,8853.63,44860.82
200909,09,66.3,271.99,502.51,831.41,1253.96,1879.51,2848.27,4357.15,9161.86,46064.51
200910,10,70.97,290.44,541.45,879.88,1321.52,1999.14,3017.74,4654.43,9580.78,47317.97
200911,11,65.4,265.37,498.22,818.49,1239.84,1887.93,2876.18,4438.2,9293.84,46923.16
200912,12,66.62,269.12,514.67,836.56,1279.87,1968.25,3019.4,4598.62,9685.14,49797.55
201001,01,71.55,294.11,562.67,908.23,1377.7,2103,3166.66,4891.67,10089.67,50254.76
201002,02,70.91,281.87,543.62,885.32,1324.72,2034.73,3048.6,4708.34,9764.17,48555.72
201003,03,74.43,299.39,566.38,914.16,1401.16,2114.37,3188.32,4981.88,10130.12,49747.26
201004,04,80.37,323.39,611.97,994.31,1506.57,2280.11,3412.45,5366.74,10691.65,52495.37
201005,05,89.14,348.56,646.25,1043.82,1594.15,2354.84,3595.28,5560.07,10939.83,52785.3
201006,06,81.41,319.5,597.27,958.96,1470.04,2182.45,3324.03,5172.66,10099.02,48518.92
201007,07,78.77,311.66,559.76,897.99,1345.36,1994.26,2906.7,4832.06,9626.53,47235.8
201008,08,83.12,331.4,598.74,958.27,1449.53,2121.18,3110.53,5181.5,10323.26,50411.12
201009,09,76.37,300.46,546.82,890.15,1342.42,2004.65,2947.81,4935.62,9853.4,48079
201010,10,84.75,335.27,616.47,1008.86,1513.49,2241.19,3236.47,5469.42,10864.2,52116.99
201011,11,88.75,354.93,641,1033.94,1577.07,2329.02,3306.88,5702.08,11222.33,54104.28
201012,12,90.87,370.33,663.23,1067.86,1642.05,2417.6,3375.96,5870.83,11361.56,53669.62
201101,01,99.66,401.62,721.97,1146.27,1764.29,2574.99,3628.69,6245.89,12074.14,57069.51
201102,02,99.6,389.04,725.01,1159.3,1766.01,2631.61,3716.47,6378.2,12261.2,58410.55
201103,03,104.22,408.27,771.4,1220.39,1855.7,2780.9,3848.64,6647.86,12717.77,60037.79
201104,04,105.91,422.65,796.63,1239.84,1915.69,2874.73,3931.59,6763.65,12785.28,59726.05
201105,05,106.55,430.32,808.41,1277.8,1979.65,2977.52,4040.29,6941.36,13205.15,61434.55
201106,06,103.34,419.9,779.16,1257.23,1940.73,2950.42,3987.36,6913.01,13081.62,60421.64
201107,07,103.84,431.2,772.7,1258.16,1885.7,2753.24,4012.8,6718.45,12793.26,59540.8
201108,08,101.29,418.81,740.28,1201.87,1794.59,2651.04,3852.34,6459.88,12296.91,58590.77
201109,09,90.62,371.12,667.18,1088.23,1649.96,2423.39,3550.74,5933.38,11560.81,55463.75
201110,10,80.43,327.73,590.51,966.89,1459.87,2139.45,3177.15,5347.7,10561.9,51946.82
201111,11,89.21,377.88,683.33,1115.88,1681.03,2467.37,3622.99,6083.06,11769.26,57162.31
201112,12,87.26,374.78,678.05,1111.15,1657.34,2474.94,3610.77,6050.22,11653.31,56909.97
201201,01,88.48,377.09,677.58,1114.53,1660.07,2460.12,3559.1,6002.39,11524.01,57607.55
201202,02,95.78,407.23,725.42,1185.15,1764.46,2598.01,3776.88,6375.61,12173.5,60031.9
201203,03,98.81,407.36,749.11,1223.93,1822.75,2701.34,3950.55,6683.2,12675.02,62611.57
201204,04,103.81,417.24,764.19,1245.43,1865.95,2706.14,4019.68,6800.76,12947.17,65006.37
201205,05,102.58,406.6,744.61,1223.24,1844.23,2669.55,3991.3,6745.33,12782.58,64421.01
201206,06,96.74,372.21,691.11,1146.11,1727.94,2465.99,3676.63,6211.76,11934.43,60562.3
201207,07,94.46,371.93,642.45,1068.46,1675.37,2355.5,3489.92,5947.14,11948.01,60605.3
201208,08,92.9,362.61,628.94,1052.66,1640.3,2351.47,3468.92,5880.17,12020.94,61437.59
201209,09,95.2,373.65,649.44,1074.58,1716.8,2427.59,3611.8,6082.42,12342.38,62570.95
201210,10,99.84,388.37,683.58,1106.94,1754.48,2491.84,3671.21,6239.65,12559.38,64240.21
201211,11,96.93,373.72,664.43,1073.29,1757.19,2441.69,3641.19,6229.65,12352.63,62875.2
201212,12,96.18,376.86,664.7,1066.64,1784.03,2510.61,3708.82,6311.65,12478.36,62900.81
201301,01,97.63,392.34,688.15,1097.82,1825.81,2569.68,3759.02,6484.66,12657.83,62990.21
201302,02,104.72,408.91,733.84,1166.08,1932.62,2738.72,4073.05,6949.11,13501.54,65954.87
201303,03,105.05,411.05,745.11,1178.32,1949.49,2763.74,4143.48,7003.01,13700.57,66608.23
201304,04,111.52,433.1,778.29,1228.18,2032.82,2900.55,4333.03,7326.41,14254.88,68995.38
201305,05,112.48,432.61,768.98,1221.08,2010.85,2881.91,4357.66,7409.44,14456.13,70285.25
201306,06,117.61,460.72,817.33,1281.46,2105.54,2996.8,4567.46,7544.68,14721.55,71864.74
201307,07,117.85,462.97,821.59,1317.55,2021.74,2909.95,4344.6,7292.54,14394.59,69509.66
201308,08,127.47,501.9,885.32,1399.09,2170.56,3131.54,4636.93,7749.3,15196.4,73000.24
201309,09,124.07,485.88,856.53,1366.81,2095.1,3059.48,4504.17,7588.06,14791.63,70734.86
201310,10,132.19,521.13,910.46,1451.16,2201.97,3238.86,4760.24,7947.37,15387.41,73031.1
201311,11,134.78,527.54,934.5,1472.4,2280.21,3359.23,4911.07,8202.43,15977.65,76395.41
201312,12,141.72,557.91,970.16,1540.04,2353.86,3462.14,4989.29,8353.05,16320.82,78802.8
201401,01,145.17,565.96,994.34,1567.52,2406.08,3568.31,5162.21,8597.18,16788.63,80663.19
201402,02,145.67,549.42,968.38,1508.24,2335.27,3497.84,5044.04,8316.76,16408.33,77441.36
201403,03,152.41,572.28,1011.72,1580.5,2440.63,3705.34,5296.4,8816.29,17376.65,80412.8
201404,04,151.05,572.33,1008.92,1568.77,2416.37,3663.36,5265.69,8813.91,17304.64,81152.9
201405,05,142.1,540.17,962.65,1507.57,2343.44,3575.77,5188.48,8677.88,17321.3,81795.04
201406,06,140.65,534.78,958.75,1516.42,2371.71,3623.5,5250.93,8899.95,17706.59,83375.01
201407,07,139.03,524.52,952.55,1624.06,2463.1,3618.38,5422.48,8816.87,17438.38,81232.05
201408,08,130.58,485.76,886.32,1539.98,2312.7,3424.84,5183.23,8580.64,17045.99,80217.41
201409,09,135.69,503.27,931.17,1617.29,2417.73,3605.77,5445.11,9016.52,17806.52,83111.41
201410,10,129.47,466.45,879.08,1533.11,2292.13,3407.88,5202.89,8688.64,17384.55,82198.5
201411,11,133.74,496.48,935.15,1629.21,2407.59,3543.45,5260.04,8954.32,17856,83722.14
201412,12,131.66,491.24,938.29,1623.36,2444.23,3576.78,5303.11,9183.23,18279.29,85955.77
201501,01,137.74,520.4,963.75,1641.16,2465.42,3587.41,5270.94,9263.59,18246.97,85331.11
201502,02,132.99,491.02,925.11,1569.08,2357.86,3514.55,5152.83,9127.25,17826.65,82271.66
201503,03,139.51,524.43,994.05,1654.87,2523.84,3776.67,5485.1,9765.71,18858.34,87024.33
201504,04,141.68,529.79,1011.5,1685.51,2554.5,3806.33,5523.13,9775.4,18663.49,85159.25
201505,05,138.89,508.59,988.07,1645.75,2506.5,3742.23,5443.39,9659.29,18617.02,86358.03
201506,06,141.06,525.16,1013.18,1685.85,2548.99,3839.31,5483.31,9860.98,18748.75,87175.86
201507,07,115.15,464.42,901.2,1501.57,2295.41,3357.2,5192.91,8868.66,17215.29,83753.48
201508,08,109.32,438.95,880.34,1474.85,2243.23,3301.66,5231.53,8925.29,17240.76,85822.95
201509,09,105.4,414.83,830.35,1372.84,2100.27,3145.71,4888.1,8424.51,16347.38,80164.41
201510,10,99.54,383.86,779.24,1285.33,1974.27,2963.38,4671.07,8020.8,15822.49,78040.77
201511,11,103.19,408.66,823.87,1347.08,2100.96,3129.41,4922.56,8568.12,16809.58,84695.48
201512,12,106.49,422.96,860.2,1410.92,2161.93,3144.56,4960.9,8625.28,16756.7,84816.3
201601,01,102.94,400.15,813.59,1340.07,2027.2,2975.74,4761.63,8291.74,16190.37,83537.3
201602,02,93.16,357.28,726.52,1204.28,1850.14,2723.19,4398.32,7581.56,15313.17,79702.02
201603,03,92.41,354.61,729.73,1206.7,1868.32,2756.04,4446.99,7613.02,15479.98,79084.97
201604,04,97.22,382.31,784.13,1305.64,2025.52,2961.96,4808.1,8246.33,16606.78,83905.79
201605,05,101.83,393.23,809.05,1327.08,2060.25,3009.45,4871.12,8355.64,16778.16,84223.9
201606,06,101.36,393.02,829.8,1350.44,2067.82,3051.07,4945.97,8588.28,16932.7,85513.92
201607,07,99.6,408.1,799.42,1327.93,1975.51,2996.36,4698.44,8275.42,17090.48,84625.39
201608,08,104.36,432.6,853.68,1413.12,2095.56,3155.86,4897.07,8654.5,17847.55,87469.77
201609,09,107.56,449.8,854.65,1453.2,2131.33,3198.43,4889.03,8793.54,17768.38,88015.18
201610,10,113.01,464.63,877.7,1476.71,2142.57,3213.02,4896.29,8781.87,17922.02,87867.52
201611,11,104.79,436.32,829.3,1371.97,2040.05,3086.67,4714.42,8634.88,17382.79,86538.36
201612,12,115.14,498.72,930.74,1545.98,2268.57,3367.38,5124.7,9106.69,18363.61,89081.18
201701,01,118.72,522.99,954.04,1561.82,2304.16,3406.92,5159,9121.07,18549.84,90874.75
201702,02,118.69,520.92,952.21,1568.52,2332.83,3444.38,5286.54,9374.05,19140.96,92833.6
201703,03,119.19,524.65,976.28,1588.81,2350.79,3514.64,5404.82,9690.19,19649.9,96576.66
201704,04,121.74,518.56,974.34,1595.46,2351.8,3494.88,5412.68,9654.53,19616.61,96680.62
201705,05,121.93,521.45,993.47,1609.46,2369.23,3512.71,5443.78,9756.26,19823.19,97765.61
201706,06,119.21,506.52,966.24,1567.24,2312.47,3461.04,5419.27,9804.24,20216.19,99235.14
201707,07,115.46,515.64,964.15,1557.18,2342.13,3527.96,5409.79,9494,19084.44,96881.45
201708,08,114.23,510.33,968.28,1571.93,2376.81,3563.3,5496.74,9613.41,19420.37,98872.62
201709,09,112.17,502.89,953.4,1530.51,2336.8,3520.79,5460.6,9590.29,19101.43,99651.84
201710,10,122.89,543.15,1023.37,1645.17,2489.36,3666.47,5669.11,9909.93,19540.39,101322.66
201711,11,122.6,543.03,1023.85,1649.73,2498.38,3746.49,5817.24,10085.08,19838.09,103893.56
201712,12,126.99,559.75,1047.81,1692.15,2565.95,3889.82,5978.95,10555.64,20385.82,106800.6
201801,01,127.93,556.49,1049.99,1700.63,2567.55,3905.94,6042.06,10644.93,20704.32,107882.19
201802,02,131.3,571.21,1069.55,1744.53,2644.27,4054.54,6270.81,11178.58,21610.24,114662.02
201803,03,126.12,554.87,1031.58,1681.13,2532.27,3839.08,5995.99,10749.36,20763.83,110430.34
201804,04,128.04,563.44,1040.24,1692.25,2552.05,3842.65,6007.22,10724.55,20572.45,106713.37
201805,05,130.02,571.08,1061.83,1717.99,2576.15,3810.03,5969.6,10689.36,20541.1,107116.74
201806,06,140.19,615.93,1123.01,1830.74,2749.93,3954.41,6222.08,10977.98,20525.42,110251.41
201807,07,138.66,616.47,1150.52,1825.17,2716.67,4012.98,6104.74,10865.27,20406.09,109065.27
201808,08,137.04,613.3,1171.08,1864.58,2763.1,4087.55,6220.95,11150.69,21082.8,113141.78
201809,09,141.3,641.66,1233.25,1945.73,2848.96,4280.53,6423.6,11526.87,21604.03,117060.22
201810,10,138.35,622.09,1191.55,1921.69,2781.98,4186.74,6335.82,11523.57,21470.18,118234.14
201811,11,123.91,547.06,1048.11,1694.76,2464.86,3798.52,5637.47,10543.92,19685.89,110611.95
201812,12,121.74,540.43,1058.21,1732.13,2501.1,3847.69,5831.94,10707.48,20103.17,112655.37
201901,01,106.32,471.51,933.96,1506.52,2185.4,3407.88,5135.66,9559.43,18150.56,102651.59
201902,02,117.96,516.65,1027.94,1666.26,2469.4,3802.58,5790.87,10532.09,19998.69,110085.23
