my,vwretd,vwretx,E,Real_E,year,cpi,tb3ms,tb1yr,log_cpi,log_lcpi,inflation,L_inflation,exp_inflation,rfree,X,Pt,Dt,Rt
1929m3,.04523866,.03641301,,,,,,,,,,,,,1.036413,1.036413,,.045238659
1929m6,.05335318,.044066,,,,,,,,,,,,,1.044066,1.0820835,.0096253539,.053353179
1929m9,.07794552,.06957769,,,,,,,,,,,,,1.0695777,1.1573724,.0090546906,.077945523
1929m12,-.2846077,-.293568,,,,,,,,,,,,,.70643198,.81760484,.010370404,-.28460771
1930m3,.169519,.1578364,1.45,21.5209600591716,1930,98.255821,,,4.5875745,,,,,,1.1578364,.94665271,.0095517505,.16951901
1930m6,-.1887617,-.1974177,1.29,19.26019910714286,1930,97.674477,,,4.5816402,4.5875745,-.0059342384,,,,.80258232,.7597667,.0081942258,-.1887617
1930m9,-.08473824,-.09555202,1.13,17.0746063253012,1930,96.511719,,,4.5696645,4.5816402,-.011975765,-.0059342384,.00059246272,,.90444797,.68716943,.0082159499,-.08473824
1930m12,-.1812226,-.1926561,.97,15.11214813664596,1930,93.60466,,,4.5390801,4.5696645,-.030584335,-.011975765,-.0025452212,,.8073439,.55478209,.0078567518,-.1812226
1931m3,.1062724,.09252745,.88,14.14941282051282,1931,90.697754,,,4.5075326,4.5390801,-.031547546,-.030584335,-.012209634,,1.0925275,.60611469,.0076254522,.1062724
1931m6,-.1112667,-.1235838,.79,13.1229201986755,1931,87.790779,,,4.4749565,4.5075326,-.032576084,-.031547546,-.012709881,,.87641621,.53120875,.0074655754,-.1112667
1931m9,-.3367518,-.3464837,.7,11.70542333333333,1931,87.209328,,,4.4683113,4.4749565,-.0066452026,-.032576084,-.013244055,,.65351629,.34715354,.0051696706,-.33675179
1931m12,-.1471666,-.1641505,.61,10.4799044520548,1931,84.883713,,,4.4412823,4.4683113,-.027029037,-.0066452026,.00022322146,,.83584952,.29016814,.0058960211,-.14716659
1932m3,-.06922325,-.08536859,.5600000000000001,10.03322,1932,81.395355,,,4.3993182,4.4412823,-.041964054,-.027029037,-.01036318,,.91463143,.26539689,.0046848631,-.069223247
1932m6,-.3514124,-.3663077,.51,9.406143750000002,1932,79.069824,,,4.3703313,4.3993182,-.028986931,-.041964054,-.018119723,,.63369232,.16817997,.0039531663,-.35141239
1932m9,.7858668999999999,.7637775,.46,8.610599253731344,1932,77.907051,,,4.3555164,4.3703313,-.014814854,-.028986931,-.011380018,,1.7637775,.29663205,.0037149948,.78586692
1932m12,-.1461441,-.159394,.41,7.850420229007634,1932,76.162811,,,4.3328733,4.3555164,-.022643089,-.014814854,-.0040197098,,.84060597,.24935068,.0039303452,-.14614411
1933m3,-.1165853,-.1301885,.4175,8.311248710317461,1933,73.255821,,,4.2939577,4.3328733,-.038915634,-.022643089,-.0080853263,,.86981148,.21688809,.0033919672,-.1165853
1933m6,.9170395,.9009087,.425,8.393934055118111,1933,73.837273,,,4.3018637,4.2939577,.0079059601,-.038915634,-.016536517,,1.9009087,.41228443,.0034985782,.91703951
1933m9,-.09398053,-.1009805,.4325,8.218499337121214,1933,76.744247,,,4.3404784,4.3018637,.03861475,.0079059601,.007780409,,.89901948,.37065175,.0028859787,-.093980528
1933m12,.02590637,.01524378,.44,8.361016666666668,1933,76.744247,,,4.3404784,4.3404784,0,.03861475,.023729105,,1.0152438,.37630188,.0039521079,.025906369
1934m3,.1042782,.09411627,.4525,8.53389483082707,1934,77.325691,.23999999,,4.3480263,4.3404784,.0075478554,0,.0036744261,-.0012744261,1.0941162,.41171798,.0038239534,.1042782
1934m6,-.06621149,-.07473294,.465,8.704192723880599,1934,77.907089,.15000001,,4.3555169,4.3480263,.0074906349,.0075478554,.0075944262,-.0060944259,.92526704,.38094908,.0035084342,-.066211492
1934m9,-.06078538,-.07148106,.4775,8.806732628676471,1934,79.069862,.20999999,,4.3703318,4.3555169,.014814854,.0074906349,.0075647086,-.0054647084,.92851895,.35371843,.0040745093,-.060785379
1934m12,.06542209,.05365022,.49,9.172160074626866,1934,77.907089,.23,,4.3555169,4.3703318,-.014814854,.014814854,.011368562,-.0090685626,1.0536503,.37269554,.0041639274,.065422088
1935m3,-.08636016,-.09693463,.73,13.36542080291971,1935,79.65126,.15000001,,4.3776579,4.3555169,.02214098,-.014814854,-.0040197098,.00551971,.90306538,.33656842,.0039410577,-.086360157
1935m6,.1933417,.1818953,.8100000000000001,14.83012445255475,1935,79.65126,.15000001,,4.3776579,4.3776579,0,.02214098,.015173406,-.013673406,1.1818953,.39778861,.0038524966,.1933417
1935m9,.1316765,.121101,.76,13.91468467153285,1935,79.65126,.2,,4.3776579,4.3776579,0,0,.0036744261,-.0016744261,1.121101,.44596124,.0042068134,.1316765
1935m12,.1788206,.1666265,.76,13.81385362318841,1935,80.23262,.15000001,,4.3849301,4.3776579,.0072722435,0,.0036744261,-.0021744261,1.1666265,.52027017,.0054380959,.1788206
1936m3,.1057796,.09681317,.79,14.46394854014599,1936,79.65126,.2,,4.3776579,4.3849301,-.0072722435,.0072722435,.0074512861,-.0054512862,1.0968132,.57063919,.0046649659,.1057796
1936m6,-.009838375,-.01913997,.88,15.9949884057971,1936,80.232658,.2,,4.3849306,4.3776579,.0072727203,-.0072722435,-.00010243398,.0021024339,.98086005,.55971718,.0053078546,-.0098383753
1936m9,.09044933,.07988635,.94,16.84147642857143,1936,81.395393,.16,,4.3993187,4.3849306,.014388084,.0072727203,.0074515338,-.0058515337,1.0798863,.60443091,.0059122816,.090449333
1936m12,.1082297,.09042774,1.02,18.27479357142858,1936,81.395393,.12,,4.3993187,4.3993187,0,.014388084,.011146918,-.0099469181,1.0904278,.65908825,.010760055,.1082297
1937m3,.04394723,.03584883,1.11,19.60717288732395,1937,82.558174,.38,,4.4135032,4.3993187,.014184475,0,.0036744261,.00012557383,1.0358489,.68271583,.0053375601,.043947231
1937m6,-.1202656,-.1297886,1.17,20.379978125,1937,83.720955,.36000001,,4.4274893,4.4135032,.013986111,.014184475,.011041173,-.0074411728,.87021142,.59410709,.0065015028,-.1202656
1937m9,-.1046599,-.1149077,1.22,20.95980890410959,1937,84.883713,.31,,4.4412823,4.4274893,.013792992,.013986111,.010938152,-.0078381514,.88509232,.52583963,.0060882908,-.1046599
1937m12,-.2047007,-.2241383,1.13,19.68322673611111,1937,83.720917,.11,,4.4274888,4.4412823,-.013793468,.013792992,.010837855,-.0097378548,.77586168,.40797883,.01022106,-.20470069
1938m3,-.1887744,-.19824,.97,17.25571524822695,1938,81.976776,.079999998,,4.406436,4.4274888,-.021052837,-.013793468,-.0034892506,.0042892504,.80176002,.32710111,.0038617644,-.18877441
1938m6,.3632021,.3484384,.77,13.69783581560284,1938,81.976776,.050000001,,4.406436,4.406436,0,-.021052837,-.0072594243,.0077594244,1.3484384,.44107568,.0048292228,.3632021
1938m9,.05229684,.0431697,.62,11.02942624113475,1938,81.976776,.079999998,,4.406436,4.406436,0,0,.0036744261,-.0028744261,1.0431697,.4601168,.0040257596,.05229684
1938m12,.1036879,.09085327,.64,11.46653714285715,1938,81.395393,.029999999,,4.3993187,4.406436,-.0071172714,0,.0036744261,-.0033744262,1.0908532,.50191993,.0059054289,.1036879
1939m3,-.1446907,-.1529794,.71,12.81220539568346,1939,80.81398,.029999999,,4.3921499,4.3993187,-.0071687698,-.0071172714,-.000021948797,.00032194878,.84702063,.42513651,.0041602636,-.14469071
1939m6,.009692519,-.001123565,.76,13.81385362318841,1939,80.23262,.029999999,,4.3849301,4.3921499,-.0072197914,-.0071687698,-.000048694641,.00034869462,.99887645,.42465886,.0045983121,.009692519
1939m9,.194464,.1823817,.8100000000000001,14.40941170212766,1939,81.976776,.14,,4.406436,4.3849301,.021505833,-.0072197914,-.000075192838,.0014751928,1.1823817,.50210887,.0051308558,.194464
1939m12,-.0127029,-.0293438,.9,16.12481785714286,1939,81.395393,.039999999,,4.3993187,4.406436,-.0071172714,.021505833,.014843541,-.014443541,.97065622,.48737511,.0083555439,-.0127029
1940m3,.008645282,-.00171287,.99,17.73729964285715,1940,81.395355,.02,,4.3993182,4.3993187,-4.7683716e-07,-.0071172714,-.000021948797,.00022194879,.99828714,.48654029,.0050483053,.0086452821
1940m6,-.1683428,-.1805575,1.04,18.5009730496454,1940,81.976776,.1,,4.406436,4.3993182,.0071177483,-4.7683716e-07,.0036741784,-.0026741785,.81944251,.3986918,.0059429435,-.1683428
1940m9,.08143072,.06725893,1.08,19.34978142857143,1940,81.395393,.050000001,,4.3993187,4.406436,-.0071172714,.0071177483,.0073710489,-.0068710488,1.067259,.4255074,.0056501767,.081430718
1940m12,.01955624,-.0006494842,1.05,18.6788670212766,1940,81.976814,.02,,4.4064364,4.3993187,.0071177483,-.0071172714,-.000021948797,.00022194879,.99935049,.42523104,.008597685,.019556239
1941m3,-.04546243,-.05832198,1.06,18.72396690140846,1941,82.558174,.11,,4.4135032,4.4064364,.0070667267,.0071177483,.0073710489,-.0062710489,.94167805,.40043071,.0054682796,-.04546243
1941m6,.01447471,-.00205467,1.09,18.59899625850341,1941,85.465111,.12,,4.4481082,4.4135032,.034605026,.0070667267,.0073445505,-.0061445506,.99794531,.39960796,.0066188714,.01447471
1941m9,.05026281,.03549056,1.19,19.76743675496689,1941,87.790657,.1,,4.4749551,4.4481082,.026846886,.034605026,.021646643,-.020646643,1.0354905,.41379026,.0059031085,.050262809
1941m12,-.1154478,-.1379077,1.16,18.77183096774194,1941,90.116295,.33000001,,4.501101,4.4749551,.026145935,.026846886,.017617432,-.014317432,.86209232,.35672539,.0092936875,-.1154478
1942m3,-.07905951,-.09309288,1.04,16.3039825,1942,93.023193,.25,,4.5328488,4.501101,.031747818,.026145935,.017253391,-.014753391,.90690714,.32351682,.0050060595,-.079059511
1942m6,.04009988,.02229076,.98,15.08060674846626,1942,94.767357,.37,,4.551425,4.5328488,.018576145,.031747818,.020162744,-.016462745,1.0222907,.33072823,.0057615498,.040099882
1942m9,.08292617,.06714846,.94,14.28973757575758,1942,95.930176,.38,,4.5636206,4.551425,.012195587,.018576145,.013321999,-.0095219994,1.0671484,.35293612,.0052181343,.082926169
1942m12,.1252431,.1022125,1.03,15.2873026627219,1942,98.255676,.38,,4.5875731,4.5636206,.023952484,.012195587,.010008238,-.0062082382,1.1022125,.38901061,.008128331,.1252431
1943m3,.208639,.1953576,1.07,15.60399040697675,1943,99.999817,.38,,4.6051683,4.5875731,.017595291,.023952484,.016114216,-.012314216,1.1953576,.46500677,.0051666056,.208639
1943m6,.0833713,.07084736,1.1,15.76648857142858,1943,101.744,.38,,4.6224599,4.6051683,.017291546,.017595291,.01281259,-.0090125902,1.0708474,.4979513,.005823717,.083371297
1943m9,-.01171476,-.02259695,1.08,15.56878965517242,1943,101.16261,.38,,4.6167293,4.6224599,-.005730629,.017291546,.012654839,-.008854839,.97740304,.4866991,.0054188007,-.01171476
1943m12,-.01111074,-.02808718,.94,13.55061321839081,1943,101.16261,.38,,4.6167293,4.6167293,0,-.005730629,.00069820788,.0031017922,.9719128,.47302911,.0082624182,-.01111074
1944m3,.0468536,.03528786,.9300000000000001,13.40645775862069,1944,101.16261,.38,,4.6167293,4.6167293,0,0,.0036744261,.00012557383,1.0352879,.4897213,.0054709315,.046853598
1944m6,.09233651,.07916834,.92,13.11159431818182,1944,102.32537,.38,,4.6281576,4.6167293,.011428356,0,.0036744261,.00012557383,1.0791683,.52849168,.0064487332,.092336513
1944m9,.0006197615,-.009816551,.9,12.75409322033899,1944,102.90677,.38,,4.6338234,4.6281576,.0056657791,.011428356,.0096097747,-.0058097746,.99018347,.52330375,.0055155042,.00061976147
1944m12,.06066495,.04381491,.9300000000000001,13.10518904494382,1944,103.48821,.38,,4.6394577,4.6338234,.0056343079,.0056657791,.0066169645,-.0028169644,1.0438149,.54623222,.0088176895,.060664952
1945m3,.04345175,.03336325,.96,13.52793707865169,1945,103.48821,.38,,4.6394577,4.6394577,0,.0056343079,.0066006198,-.0028006197,1.0333632,.56445628,.0055106636,.043451749
1945m6,.1029733,.0915625,1,13.85803867403315,1945,105.23236,.38,,4.6561708,4.6394577,.016713142,0,.0036744261,.00012557383,1.0915625,.61613935,.0064408979,.1029733
1945m9,.08854646,.07894114,.99,13.71945828729282,1945,105.23236,.38,,4.6561708,4.6561708,0,.016713142,.012354444,-.0085544437,1.0789411,.66477805,.0059182155,.088546462
1945m12,.1099814,.09728902,.96,13.23061978021978,1945,105.81377,.38,,4.6616807,4.6561708,.0055098534,0,.0036744261,.00012557383,1.097289,.72945362,.0084376158,.1099814
1946m3,.05947644,.05107953,.9,12.3359262295082,1946,106.39516,.38,,4.66716,4.6616807,.0054793358,.0055098534,.0065359841,-.002735984,1.0510795,.7667138,.0061251563,.059476439
1946m6,.04226443,.03392824,.84,11.26725240641711,1946,108.7207,.38,,4.6887822,4.66716,.021622181,.0054793358,.0065201344,-.0027201343,1.0339283,.79272705,.0063914717,.042264432
1946m9,-.1820156,-.1896997,.89,10.94309534313726,1946,118.60445,.38,,4.775794,4.6887822,.087011814,.021622181,.014903966,-.011103966,.81030029,.64234698,.006091394,-.1820156
1946m12,.0360086,.02016997,1.06,12.36652697674419,1946,124.99983,.38,,4.8283124,4.775794,.052518368,.087011814,.048864257,-.045064256,1.02017,.65530306,.010173896,.0360086
1947m3,-.01497293,-.02573401,1.27,14.54587831050229,1947,127.32545,.38,,4.8467464,4.8283124,.018434048,.052518368,.030949987,-.027149988,.97426599,.63843954,.0070517687,-.01497293
1947m6,-.006663786,-.01961329,1.44,16.41799636363636,1947,127.90684,.38,,4.8513021,4.8467464,.0045557022,.018434048,.013248201,-.0094482005,.98038673,.62591761,.0082674753,-.0066637858
1947m9,.01849715,.006159472,1.55,16.9037945652174,1947,133.72078,.80000001,,4.8957539,4.8513021,.044451714,.0045557022,.0060404427,.0019595574,1.0061594,.6297729,.0077223699,.01849715
1947m12,.03649636,.0167833,1.61,17.25799594017094,1947,136.04637,.94999999,,4.9129958,4.8957539,.017241955,.044451714,.026760548,-.017260548,1.0167834,.64034259,.012414751,.03649636
1948m3,-.003640675,-.01706195,1.71,18.32992115384615,1948,136.04651,1,,4.9129968,4.9129958,9.5367432e-07,.017241955,.012629084,-.0026290843,.98293805,.62941712,.008594214,-.003640675
1948m6,.1149689,.1008168,1.86,19.35870248962656,1948,140.11626,1,,4.9424725,4.9129968,.029475689,9.5367432e-07,.0036749213,.0063250787,1.1008168,.692873,.0089075742,.1149689
1948m9,-.07513482,-.08770863,2.07,21.19261775510204,1948,142.44177,1.09,,4.9589334,4.9424725,.016460896,.029475689,.018982708,-.0080827083,.91229135,.63210201,.0087120533,-.075134821
1948m12,-.005964463,-.0282318,2.29,23.83410145228216,1948,140.11612,1.16,,4.9424715,4.9589334,-.016461849,.016460896,.012223438,-.00062343868,.9717682,.61425662,.014075229,-.0059644631
1949m3,.01459679,-.00106268,2.38,25.08305,1949,138.37204,1.17,,4.9299459,4.9424715,-.012525558,-.016461849,-.0048750816,.016575081,.99893731,.61360389,.0096189333,.01459679
1949m6,-.04386765,-.05949011,2.4,25.188,1949,138.95355,1.17,,4.9341397,4.9299459,.0041937828,-.012525558,-.002830758,.014530757,.94050992,.57710052,.0095860027,-.043867651
1949m9,.1196137,.1039995,2.39,25.08305,1949,138.95355,1.0700001,,4.9341397,4.9341397,0,.0041937828,.005852479,.0048475214,1.1039995,.6371187,.0090109631,.1196137
1949m12,.1058542,.08100947,2.32,24.65791355932204,1949,137.20941,1.1,,4.9215083,4.9341397,-.012631416,0,.0036744261,.0073255743,1.0810095,.68873137,.015829042,.1058542
1950m3,.04643368,.03181245,2.37,25.1893341101695,1950,137.20941,1.12,,4.9215083,4.9215083,0,-.012631416,-.0028857354,.014085735,1.0318124,.71064156,.010070099,.04643368
1950m6,.02360176,.009346512,2.54,26.76930546218488,1950,138.3721,1.15,,4.9299464,4.9215083,.0084381104,0,.0036744261,.0078255739,1.0093465,.71728361,.010130372,.023601759
1950m9,.1201865,.1019411,2.72,27.96143278688525,1950,141.86047,1.3,,4.954844,4.9299464,.024897575,.0084381104,.0080567822,.0049432172,1.1019411,.79040426,.013087126,.1201865
1950m12,.08739588,.06082365,2.84,28.4943448,1950,145.34888,1.34,,4.9791369,4.954844,.024292946,.024897575,.016605051,-.0032050509,1.0608237,.83847958,.021002803,.087395877
1951m3,.05097882,.03720106,2.83,27.5135781007752,1951,150.00008,1.4,,5.0106359,4.9791369,.031498909,.024292946,.016291035,-.0022910356,1.037201,.86967188,.01155237,.050978821
1951m6,.0002642111,-.01327871,2.72,26.3420447876448,1951,150.58142,1.45,,5.014504,5.0106359,.003868103,.031498909,.020033473,-.0055334726,.98672128,.85812378,.011777897,.00026421109
1951m9,.1300124,.1154994,2.51,24.12201360153257,1951,151.74422,1.63,,5.0221963,5.014504,.007692337,.003868103,.0056833364,.010616664,1.1154994,.95723653,.01245395,.13001239
1951m12,.01810569,.0008869078,2.44,23.09533660377359,1951,154.06984,1.73,,5.037406,5.0221963,.015209675,.007692337,.0076694628,.0096305376,1.0008869,.95808548,.016482448,.018105689
1952m3,.03691128,.02359356,2.4,22.8894752851711,1952,152.90709,1.59,,5.0298305,5.037406,-.0075755119,.015209675,.011573614,.0043263868,1.0235935,.98069012,.012759514,.036911279
1952m6,.02095053,.00786558,2.34,22.14880641509434,1952,154.06984,1.7,,5.037406,5.0298305,.0075755119,-.0075755119,-.00025993728,.017259939,1.0078655,.9884038,.012832281,.02095053
1952m9,-.0146401,-.02701421,2.36,22.17078576779027,1952,155.23262,1.71,,5.0449247,5.037406,.0075187683,.0075755119,.0076087895,.0094912108,.9729858,.96170288,.012230617,-.0146401
1952m12,.08645775,.06997485,2.4,22.54656179775281,1952,155.23262,2.0899999,,5.0449247,5.0449247,0,.0075187683,.0075793196,.01332068,1.0699749,1.0289979,.015851652,.086457752
1953m3,-.01627903,-.02829525,2.43,22.91421484962406,1953,154.65138,2.01,,5.0411735,5.0449247,-.0037512779,0,.0036744261,.016425574,.97170472,.99988216,.012364665,-.016279031
1953m6,-.03700866,-.04938298,2.51,23.49196100746269,1953,155.8141,2.1099999,,5.0486636,5.0411735,.0074901581,-.0037512779,.0017261894,.01937381,.95061702,.95050496,.012372862,-.037008662
1953m9,-.01710165,-.03029367,2.55,23.7776124535316,1953,156.39545,1.79,,5.0523877,5.0486636,.0037240982,.0074901581,.0075644609,.010335539,.96970636,.92171073,.01253908,-.017101649
1953m12,.07810969,.06027497,2.51,23.40463029739777,1953,156.39529,1.6,,5.0523868,5.0523877,-9.5367432e-07,.0037240982,.005608547,.010391453,1.060275,.97726679,.016438453,.078109689
1954m3,.1112359,.09781226,2.55,23.7776124535316,1954,156.39529,1.03,,5.0523868,5.0523868,0,-9.5367432e-07,.0036739309,.0066260686,1.0978123,1.0728555,.013118478,.1112359
1954m6,.08867463,.07637743,2.62,24.43033122676581,1954,156.39529,.63999999,,5.0523868,5.0523868,0,0,.0036744261,.0027255737,1.0763774,1.1547974,.013193118,.088674627
1954m9,.09311393,.08114469,2.63,24.61508264925373,1954,155.81403,1.01,,5.0486631,5.0523868,-.0037236214,0,.0036744261,.006425574,1.0811447,1.2485031,.013822048,.093113929
1954m12,.1373989,.1221797,2.77,26.02249007490637,1954,155.2327,1.15,,5.0449252,5.0486631,-.0037379265,-.0037236214,.001740553,.0097594466,1.1221797,1.4010448,.019001218,.1373989
1955m3,.03737352,.02751542,2.96,27.80742621722847,1955,155.2327,1.28,,5.0449252,5.0449252,0,-.0037379265,.0017331234,.011066876,1.0275154,1.4395952,.01381164,.03737352
1955m6,.1138429,.1035775,3.22,30.24997041198503,1955,155.2327,1.41,,5.0449252,5.0449252,0,0,.0036744261,.010425573,1.1035775,1.5887048,.014778021,.1138429
1955m9,.02246867,.01313414,3.44,32.0764654275093,1955,156.39537,2.0699999,,5.0523872,5.0449252,.0074620247,0,.0036744261,.017025573,1.0131341,1.6095711,.014829813,.022468669
1955m12,.06153683,.04805144,3.62,33.88083619402985,1955,155.81403,2.54,,5.0486631,5.0523872,-.0037240982,.0074620247,.0075498498,.017850149,1.0480515,1.6869134,.021705694,.06153683
1956m3,.07954286,.06984946,3.69,34.53599048507463,1956,155.81403,2.25,,5.0486631,5.0486631,0,-.0037240982,.0017403052,.020759694,1.0698495,1.8047434,.016351925,.07954286
1956m6,-.00888234,-.01815771,3.6,33.19815441176471,1956,158.13942,2.49,,5.063477,5.0486631,.0148139,0,.0036744261,.021225573,.98184228,1.7719734,.016739663,-.00888234
1956m9,-.03108156,-.03989864,3.46,31.67421642335767,1956,159.30214,2.8399999,,5.0708027,5.063477,.0073256493,.0148139,.011368067,.017031932,.96010137,1.701274,.015623631,-.031081559
1956m12,.04738051,.03493446,3.41,30.99029003623189,1956,160.46494,3.21,,5.0780754,5.0708027,.0072727203,.0073256493,.0074790227,.024620978,1.0349344,1.760707,.021174142,.047380511
1957m3,-.02732254,-.037161,3.4,30.67711151079137,1957,161.62764,3.0799999,,5.0852952,5.0780754,.0072197914,.0072727203,.0074515338,.023348466,.96283901,1.6952775,.017322646,-.02732254
1957m6,.07803927,.06791905,3.42,30.52812491103203,1957,163.37177,3.29,,5.0960283,5.0852952,.010733128,.0072197914,.0074240449,.025475955,1.067919,1.810419,.01715658,.078039274
1957m9,-.09675376,-.1057422,3.47,30.75554187279152,1957,164.53442,3.53,,5.1031199,5.0960283,.0070915222,.010733128,.0092487065,.026051294,.89425778,1.6189812,.016272843,-.096753761
1957m12,-.05343884,-.06546249,3.37,29.76404172535212,1957,165.11595,3.04,,5.106648,5.1031199,.0035281181,.0070915222,.0073574283,.023042571,.93453753,1.5129988,.019466063,-.053438839
1958m3,.06949812,.05798334,3.14,27.34749201388889,1958,167.44142,1.3,,5.1206336,5.106648,.013985634,.0035281181,.0055067642,.0074932352,1.0579834,1.6007276,.017421849,.069498122
1958m6,.08732144,.07658236,2.93,25.43022024221454,1958,168.02281,.82999998,,5.1240997,5.1206336,.0034661293,.013985634,.010937904,-.0026379041,1.0765823,1.723315,.017190341,.087321438
1958m9,.1167247,.1067814,2.88,24.99625743944637,1958,168.02281,2.4400001,,5.1240997,5.1240997,0,.0034661293,.0054745702,.01892543,1.1067814,1.9073329,.017135438,.1167247
1958m12,.1148388,.1047357,2.89,25.08305,1958,168.02281,2.77,,5.1240997,5.1240997,0,0,.0036744261,.024025574,1.1047357,2.1070988,.019269975,.1148388
1959m3,.0252065,.01713487,3.11,26.99248633217994,1959,168.02281,2.8,,5.1240997,5.1240997,0,0,.0036744261,.024325574,1.0171349,2.1432037,.017007722,.025206501
1959m6,.05895217,.05084407,3.4,29.30665635738832,1959,169.18558,3.21,,5.1309962,5.1240997,.0068964958,0,.0036744261,.028425574,1.0508441,2.2521729,.01737731,.058952171
1959m9,-.02445508,-.03189962,3.43,29.36343395904437,1959,170.34836,4.04,4.8299999,5.1378455,5.1309962,.0068492889,.0068964958,.0072561405,.033143859,.96810037,2.1803296,.016766392,-.02445508
1959m12,.06360778,.05405908,3.39,28.92229234693878,1959,170.92973,4.4899998,4.9899998,5.1412525,5.1378455,.0034070015,.0068492889,.0072316234,.037668373,1.054059,2.2981961,.020819312,.063607782
1960m3,-.06492543,-.07271631,3.39,28.92229234693878,1960,170.92981,3.3099999,3.6800001,5.141253,5.1412525,4.7683716e-07,.0034070015,.0054438617,.027656138,.9272837,2.1310797,.017904969,-.064925432
1960m6,.04155741,.03285802,3.26,27.62525101351351,1960,172.09251,2.46,3.0999999,5.1480322,5.141253,.0067791939,4.7683716e-07,.0036746738,.020925326,1.032858,2.2011027,.018539093,.041557409
1960m9,-.05040956,-.05824034,3.27,27.7099910472973,1960,172.09251,2.48,2.8599999,5.1480322,5.1480322,0,.0067791939,.0071952194,.017604781,.94175965,2.0729098,.017236352,-.050409559
1960m12,.09434144,.08438851,3.27,27.52401795302014,1960,173.25536,2.25,2.6400001,5.1547666,5.1480322,.0067343712,0,.0036744261,.018825574,1.0843885,2.2478395,.020631526,.094341442
1961m3,.1370962,.1287991,3.09,26.00893439597316,1961,173.25536,2.3900001,2.76,5.1547666,5.1547666,0,.0067343712,.0071719405,.01672806,1.1287991,2.5373592,.018650549,.1370962
1961m6,.002282916,-.004775388,3.03,25.50390654362416,1961,173.25536,2.3299999,2.8,5.1547666,5.1547666,0,0,.0036744261,.019625572,.9952246,2.5252423,.017909452,.0022829161
1961m9,.0364714,.02935226,3.05,25.50110083333334,1961,174.41808,2.28,2.8800001,5.1614552,5.1547666,.0066885948,0,.0036744261,.019125573,1.0293523,2.5993638,.017977554,.0364714
1961m12,.07479022,.06637369,3.19,26.67164316666667,1961,174.41808,2.5999999,2.97,5.1614552,5.1614552,0,.0066885948,.0071481667,.018851832,1.0663737,2.7718933,.021877624,.074790217
1962m3,-.02194627,-.02878173,3.37,28.08301611295682,1962,174.99939,2.72,2.98,5.1647825,5.1614552,.0033273697,0,.0036744261,.023525573,.97121829,2.6921134,.018947165,-.02194627
1962m6,-.2135138,-.2200477,3.47,28.82059056291391,1962,175.58073,2.73,2.8900001,5.1680989,5.1647825,.0033164024,.0033273697,.0054025049,.021897495,.77995229,2.09972,.017589999,-.21351381
1962m9,.03569797,.02707277,3.53,29.12604161184211,1962,176.74345,2.78,2.99,5.1746993,5.1680989,.0066003799,.0033164024,.005396809,.02240319,1.0270728,2.1565654,.018110504,.035697971
1962m12,.1257612,.1144912,3.67,30.28118207236842,1962,176.74345,2.8699999,2.9400001,5.1746993,5.1746993,0,.0066003799,.0071023521,.021597646,1.1144912,2.4034731,.024304492,.1257612
1963m3,.06264462,.05446021,3.71,30.51085754098361,1963,177.32475,2.8900001,2.97,5.1779828,5.1746993,.0032835007,0,.0036744261,.025225574,1.0544602,2.5343666,.01967101,.062644623
1963m6,.04917674,.04118223,3.84,31.47676862745098,1963,177.90617,2.99,3.1099999,5.1812563,5.1779828,.0032734871,.0032835007,.0053797215,.024520278,1.0411823,2.6387377,.020261019,.049176741
1963m9,.03837199,.03098193,3.96,32.35468338762215,1963,178.48763,3.3800001,3.5699999,5.1845193,5.1812563,.0032629967,.0032734871,.005374521,.028425479,1.0309819,2.7204909,.019500431,.038371991
1963m12,.04421994,.0345408,4.02,32.63231747572816,1963,179.65033,3.52,3.6900001,5.1910124,5.1845193,.0064930916,.0032629967,.0053690728,.029830927,1.0345408,2.8144586,.026332013,.044219941
1964m3,.06184321,.05426595,4.18,33.93111618122978,1964,179.65033,3.54,3.78,5.1910124,5.1910124,0,.0064930916,.0070466315,.028353369,1.054266,2.9671881,.021325884,.061843209
1964m6,.03750386,.02987975,4.33,35.03535693548388,1964,180.23174,3.48,3.7,5.1942434,5.1910124,.0032310486,0,.0036744261,.031125573,1.0298798,3.0558469,.022622168,.037503861
1964m9,.03936845,.03213846,4.47,36.05184356913183,1964,180.81329,3.53,3.73,5.1974649,5.1942434,.0032215118,.0032310486,.0053524803,.029947519,1.0321385,3.1540573,.022093743,.039368451
1964m12,.0157203,.006985939,4.55,36.57944791666667,1964,181.39456,3.8399999,3.96,5.2006745,5.1974649,.0032095909,.0032215118,.0053475276,.033052471,1.0069859,3.1760912,.027548674,.0157203
1965m3,.03569936,.02850639,4.68,37.50436869009585,1965,181.97595,3.9300001,4.02,5.2038746,5.2006745,.0032000542,.0032095909,.0053413361,.033958666,1.0285064,3.2666302,.022845529,.03569936
1965m6,-.02422523,-.03150549,4.84,38.41834240506329,1965,183.72006,3.8,3.8900001,5.2134132,5.2038746,.0095386505,.0032000542,.0053363834,.032663617,.96849453,3.1637135,.023781916,-.024225229
1965m9,.08165106,.07406313,4.98,39.5296167721519,1965,183.72006,3.9200001,4.0900002,5.2134132,5.2134132,0,.0095386505,.0086283507,.030571651,1.0740632,3.3980281,.024006037,.081651062
1965m12,.04641002,.03744511,5.19,40.93743066037737,1965,184.88301,4.3800001,4.5599999,5.2197232,5.2134132,.0063099861,0,.0036744261,.040125575,1.0374451,3.5252676,.030463016,.04641002
1966m3,-.01759709,-.02463156,5.34,41.72694299065421,1966,186.62712,4.5900002,4.8099999,5.2291126,5.2197232,.0093894005,.0063099861,.0069515351,.038948465,.97536844,3.4384346,.02479839,-.01759709
1966m6,-.03902415,-.04664149,5.46,42.26958425925927,1966,188.37143,4.5,4.7800002,5.2384157,5.2291126,.009303093,.0093894005,.0085508376,.036449164,.95335853,3.2780609,.026191726,-.039024152
1966m9,-.09363823,-.101309,5.51,42.26532278287461,1966,190.11554,5.3699999,5.8000002,5.247632,5.2384157,.0092163086,.009303093,.008506014,.045193985,.898691,2.9459639,.025145251,-.093638226
1966m12,.06713742,.05685338,5.55,42.31335182370821,1966,191.27829,4.96,5,5.2537293,5.247632,.0060973167,.0092163086,.0084609417,.041139059,1.0568534,3.113452,.03029641,.06713742
1967m3,.1450216,.1362207,5.45,41.42503712121213,1967,191.85971,4.2600002,4.1900001,5.2567644,5.2537293,.0030350685,.0060973167,.0068410849,.035758916,1.1362207,3.5375686,.027401179,.1450216
1967m6,.02760254,.01988754,5.33,40.14794489489491,1967,193.60381,3.54,4.1599998,5.2658138,5.2567644,.0090494156,.0030350685,.0052506975,.030149302,1.0198876,3.6079223,.027292341,.02760254
1967m9,.07834448,.07074952,5.3,39.56552529761905,1967,195.34801,4.4200001,5.0999999,5.2747827,5.2658138,.0089688301,.0090494156,.0083742654,.035825737,1.0707495,3.8631811,.027402027,.078344479
1967m12,.0132856,.005203241,5.33,39.43736179941003,1967,197.09215,4.9699998,5.5900002,5.2836714,5.2747827,.0088887215,.0089688301,.0083324136,.041367583,1.0052032,3.8832822,.031223617,.0132856
1968m3,-.06396766,-.07103358,5.44,39.78186355685132,1968,199.41788,5.1700001,5.4200001,5.2954025,5.2836714,.011731148,.0088887215,.0082908086,.043409191,.9289664,3.6074386,.027438961,-.06396766
1968m6,.1366882,.1285251,5.57,40.26299380403459,1968,201.74335,5.52,5.6799998,5.3069963,5.2954025,.011593819,.011731148,.0097670304,.04543297,1.1285251,4.071085,.029447882,.1366882
1968m9,.03987491,.03279649,5.66,40.4473113960114,1968,204.06888,5.1900001,5.1799998,5.3184576,5.3069963,.011461258,.011593819,.0096957088,.042204291,1.0327965,4.2046027,.028816849,.039874911
1968m12,.03189271,.02444182,5.76,40.69813183098592,1968,206.39455,5.96,5.9699998,5.3297896,5.3184576,.011332035,.011461258,.0096268626,.049973138,1.0244418,4.3073707,.031328034,.031892709
1969m3,-.03131596,-.03799126,5.82,40.43860138504155,1969,209.88295,6.02,6.1999998,5.34655,5.3297896,.016760349,.011332035,.0095597506,.050640248,.96200871,4.1437283,.028752992,-.03131596
1969m6,-.04344832,-.05071811,5.84,40.02322732240437,1969,212.79001,6.4400001,6.8800001,5.3603058,5.34655,.013755798,.016760349,.012378961,.052021042,.94928187,3.9335661,.030124035,-.043448322
1969m9,-.03924334,-.04655535,5.89,39.82187722371968,1969,215.69701,7.0900002,7.3499999,5.3738747,5.3603058,.013568878,.013755798,.010818538,.060081463,.95344466,3.7504375,.028762275,-.03924334
1969m12,.001577105,-.006675147,5.78,38.45624111405836,1969,219.18527,7.8200002,7.6100001,5.3899174,5.3738747,.016042709,.013568878,.010721461,.067478538,.99332488,3.7254028,.030949555,.001577105
1970m3,-.02533383,-.03311064,5.63,36.96795065445026,1970,222.09236,6.6300001,6.5,5.4030933,5.3899174,.013175964,.016042709,.012006252,.054293748,.96688938,3.6020525,.02897175,-.025333829
1970m6,-.2056363,-.2132416,5.52,35.68516391752578,1970,225.58044,6.6799998,7.0700002,5.4186769,5.4030933,.015583515,.013175964,.010517401,.056282599,.78675842,2.8339453,.02739469,-.20563629
1970m9,.181533,.171001,5.36,34.29723163265307,1970,227.90608,6.1199999,6.3899999,5.4289336,5.4186769,.010256767,.015583515,.011767768,.049432229,1.171001,3.3185525,.029847112,.18153299
1970m12,.09394656,.08435958,5.13,32.33066494974875,1970,231.39442,4.8699999,4.8400002,5.4441237,5.4289336,.015190125,.010256767,.0090013072,.03969869,1.0843595,3.5985041,.031814896,.093946561
1971m3,.1177271,.1095293,5.22,32.73338025,1971,232.55733,3.3800001,3.5999999,5.4491367,5.4441237,.005012989,.015190125,.01156346,.022236541,1.1095293,3.9926455,.029499816,.1177271
1971m6,-.00118487,-.008381708,5.32,32.86744482758621,1971,236.04572,4.75,5.3299999,5.4640255,5.4491367,.014888763,.005012989,.006277936,.041222066,.99161828,3.9591801,.028734423,-.00118487
1971m9,-.004502352,-.01166473,5.43,33.38258860294118,1971,237.20845,4.6900001,5.1900001,5.4689393,5.4640255,.0049138069,.014888763,.011406947,.035493053,.98833525,3.9129975,.028357144,-.0045023519
1971m12,.04554077,.03747548,5.7,34.78671167883212,1971,238.95265,4.0100002,4.3899999,5.4762654,5.4689393,.0073261261,.0049138069,.0062264255,.033873577,1.0374755,4.059639,.03155946,.045540769
1972m3,.06987261,.06282943,5.81,35.20109190821256,1972,240.69672,3.73,4.4299998,5.4835377,5.4762654,.0072722435,.0073261261,.0074792705,.029820729,1.0628294,4.3147035,.028592767,.06987261
1972m6,.0006153078,-.006048107,5.97,35.91026582733813,1972,242.44089,3.9100001,4.71,5.4907579,5.4835377,.0072202682,.0072722435,.0074512861,.031648714,.99395192,4.2886076,.028750658,.00061530783
1972m9,.02364682,.01705284,6.14,36.58193040380048,1972,244.76662,4.6599998,5.4400001,5.5003052,5.4907579,.0095472336,.0072202682,.0074242926,.039175704,1.0170529,4.3617406,.028278993,.02364682
1972m12,.07077637,.06342412,6.42,37.89016023529412,1972,247.09215,5.0700002,5.2800002,5.5097613,5.5003052,.0094561577,.0095472336,.0086328089,.042067192,1.0634241,4.6383805,.032068606,.070776373
1973m3,-.07790843,-.08382618,6.8,39.3913949191686,1973,251.74319,6.0900002,6.5300002,5.5284095,5.5097613,.018648148,.0094561577,.008585508,.052314494,.91617382,4.2495627,.027448777,-.077908427
1973m6,-.08300595,-.08980329,7.23,41.02951391402716,1973,256.97574,7.1900001,7.0500002,5.5489817,5.5284095,.020572186,.018648148,.013359394,.058540605,.91019672,3.867938,.028885722,-.08300595
1973m9,.0809263,.07314335,7.69,42.6744810840708,1973,262.78964,8.29,8.0699997,5.5713539,5.5489817,.022372246,.020572186,.014358648,.068541348,1.0731434,4.1508517,.030103968,.080926299
1973m12,-.1110192,-.1192016,8.16,44.30252987012987,1973,268.60367,7.4499998,7.0100002,5.5932369,5.5713539,.021883011,.022372246,.015293515,.059206482,.8807984,3.6560638,.03396393,-.1110192
1974m3,-.01675369,-.02495851,8.359999999999999,43.86910000000001,1974,277.90619,7.96,7.3400002,5.6272836,5.5932369,.03404665,.021883011,.015039429,.06456057,.97504151,3.5648139,.029997345,-.01675369
1974m6,-.1069812,-.1158074,8.74,44.73997081632654,1974,284.88275,7.9000001,8.1599998,5.6520777,5.6272836,.024794102,.03404665,.02135665,.05764335,.88419259,3.1519821,.031463761,-.1069812
1974m9,-.2454076,-.254663,9.109999999999999,45.15940424901186,1974,294.18503,8.0600004,8.5200005,5.6842089,5.6520777,.032131195,.024794102,.016551312,.064048693,.74533701,2.3492889,.029172854,-.2454076
1974m12,.08755647,.07285573,8.890000000000001,42.96499315992293,1974,301.74301,7.1500001,6.79,5.7095757,5.6842089,.025366783,.032131195,.020361852,.051138148,1.0728557,2.520448,.034536287,.087556466
1975m3,.2447609,.2313146,8.449999999999999,40.21855265654649,1975,306.39465,5.4899998,5.6999998,5.724874,5.7095757,.015298367,.025366783,.016848736,.038051262,1.2313147,3.1034646,.033890698,.2447609
1975m6,.1610368,.1498415,7.96,37.25020111940299,1975,311.62717,5.3400002,5.8600001,5.7418075,5.724874,.016933441,.015298367,.011619676,.041780327,1.1498415,3.5684924,.034744218,.1610368
1975m9,-.1173931,-.1263371,7.76,35.64916996336996,1975,317.44116,6.4200001,7.1999998,5.7602925,5.7418075,.018485069,.016933441,.012468857,.051731143,.87366289,3.1176596,.031916596,-.1173931
1975m12,.0768491,.06567259,7.96,35.97496900900902,1975,322.67392,5.4400001,6.1599998,5.7766423,5.7602925,.016349792,.018485069,.013274699,.041125301,1.0656726,3.3224044,.034844555,.076849103
1976m3,.1645727,.1540846,8.66,38.85853542039357,1976,324.9996,5,5.8200002,5.783824,5.7766423,.0071816444,.016349792,.012165736,.037834264,1.1540846,3.8343356,.03484571,.1645727
1976m6,.02401781,.01424472,9.25,40.84827684859155,1976,330.23221,5.4099998,6.1199999,5.7997961,5.783824,.015972137,.0071816444,.0074042333,.046695765,1.0142447,3.8889544,.037473306,.024017811
1976m9,.01680306,.007146923,9.550000000000001,41.58734852430556,1976,334.88333,5.0799999,5.5,5.8137822,5.7997961,.013986111,.015972137,.011969601,.0388304,1.007147,3.9167485,.037552275,.01680306
1976m12,.04553965,.03423967,9.91,42.71014183848798,1976,338.37149,4.3499999,4.6399999,5.8241444,5.8137822,.010362148,.013986111,.010938152,.032561846,1.0342396,4.0508566,.044259179,.045539651
1977m3,-.06027206,-.07003997,10.08,42.49363764705883,1977,345.9296,4.5999999,5.1900001,5.8462353,5.8241444,.022090912,.010362148,.0090560373,.036943961,.92996001,3.7671347,.039568402,-.06027206
1977m6,.04519884,.03350009,10.42,43.0585471169687,1977,352.90604,5.02,5.4099998,5.8662019,5.8462353,.019966602,.022090912,.015147403,.035052598,1.0335001,3.8933342,.044070765,.045198839
1977m9,-.02444262,-.0351262,10.71,43.75235594462541,1977,356.97577,5.8099999,6.1300001,5.8776679,5.8662019,.011466026,.019966602,.014044137,.044055864,.96487379,3.7565761,.041594747,-.024442621
1977m12,.01263605,-.0002976068,10.89,43.98621811594203,1977,361.04526,6.0700002,6.52,5.8890033,5.8776679,.011335373,.011466026,.009629339,.051070664,.99970239,3.7554581,.048586264,.01263605
1978m3,-.03212768,-.04434095,10.92,43.20298201892745,1978,368.60327,6.29,6.8200002,5.9097209,5.8890033,.020717621,.011335373,.0095614837,.053338517,.95565903,3.5889373,.045866422,-.032127678
1978m6,.09609849,.08287395,11.23,43.20286065950921,1978,379.06851,6.73,7.5300002,5.937717,5.9097209,.027996063,.020717621,.014434181,.052865818,1.0828739,3.8863668,.047462046,.09609849
1978m9,.09392746,.08199144,11.57,43.64073511278196,1978,386.62662,7.8499999,8.0100002,5.9574594,5.937717,.019742489,.027996063,.018214261,.06028574,1.0819914,4.2050157,.046387751,.093927458
1978m12,-.06468419,-.07751734,12.33,45.68301425406204,1978,393.60355,9.0799999,9.4399996,5.9753442,5.9574594,.017884731,.019742489,.013927743,.076872259,.92248267,3.8790541,.053963598,-.06468419
1979m3,.08845892,.07485012,13.3,47.79435028653296,1979,405.81293,9.4799995,9.3800001,6.0058923,5.9753442,.030548096,.017884731,.012962911,.081837088,1.0748501,4.1694016,.052789271,.088458918
1979m6,.04144217,.02799756,13.98,48.50083526970956,1979,420.34778,9.0600004,8.8100004,6.0410824,6.0058923,.035190105,.030548096,.019539665,.071060337,1.0279976,4.2861347,.056055978,.041442171
1979m9,.08223441,.06981296,14.63,49.19102164879358,1979,433.71979,10.26,9.8900003,6.0723987,6.0410824,.03131628,.035190105,.021950506,.080649495,1.069813,4.5853629,.053240009,.082234412
1979m12,.01414896,.0007007659,14.86,48.59636544980444,1979,445.92917,12.04,10.92,6.1001601,6.0723987,.027761459,.03131628,.019938624,.10046138,1.0007007,4.5885758,.06166485,.01414896
1980m3,-.06155352,-.07310866,15.29,47.88012915106118,1980,465.69675,15.2,14.03,6.1435347,6.1001601,.043374538,.027761459,.018092418,.13390759,.92689133,4.2531109,.053021636,-.061553519
1980m6,.1575908,.1431417,14.94,45.31327291414753,1980,480.81302,7.0700002,7.54,6.1754785,6.1435347,.031943798,.043374538,.026201114,.044498887,1.1431417,4.8619089,.061453626,.15759081
1980m9,.1269163,.1143495,14.64,43.71617285714287,1980,488.37097,10.27,10.48,6.1910753,6.1754785,.015596867,.031943798,.020264527,.082435481,1.1143495,5.4178658,.061098635,.1269163
1980m12,.088371,.07668478,14.82,43.0742527230591,1980,501.74353,15.49,13.23,6.2180891,6.1910753,.027013779,.015596867,.011774703,.1431253,1.0766848,5.8333335,.063314371,.088371001
1981m3,.01983311,.008586425,14.58,41.32326203389831,1981,514.53412,13.36,12.28,6.2432618,6.2180891,.02517271,.027013779,.017704109,.11589589,1.0085864,5.8834209,.065605663,.01983311
1981m6,-.008135686,-.01900844,15.01,41.55591396247241,1981,526.74347,14.73,13.22,6.2667136,6.2432618,.023451805,.02517271,.016747944,.13055205,.98099154,5.7715864,.063968986,-.0081356857
1981m9,-.1191835,-.1297239,15.27,41.0963705472103,1981,541.86029,14.7,14.53,6.2950082,6.2667136,.028294563,.023451805,.015854187,.13114581,.87027609,5.0228734,.060834829,-.1191835
1981m12,.07761669,.06430031,15.36,40.98677106382979,1981,546.5116,10.85,11.57,6.3035555,6.2950082,.0085473061,.028294563,.018369287,.090130717,1.0643003,5.3458457,.066886492,.077616692
1982m3,-.08532745,-.0977745,14.81,39.31004978835979,1982,549.41815,12.68,12.47,6.3088598,6.3035555,.0053043365,.0085473061,.0081134932,.11868651,.90222549,4.8231583,.06654001,-.085327446
1982m6,-.01040906,-.02415966,14.17,36.64194005154639,1982,563.95331,12.47,12.57,6.3349714,6.3088598,.026111603,.0053043365,.006429248,.11827075,.97584033,4.7066326,.066321321,-.01040906
1982m9,.1144142,.09951473,13.56,34.74220204290092,1982,569.18573,7.9200001,9.9200001,6.3442068,6.3349714,.0092353821,.026111603,.01723556,.061964441,1.0995147,5.1750116,.070126332,.1144142
1982m12,.1938141,.1801644,12.64,32.48460573770493,1982,567.4411,7.9400001,8.2299995,6.3411369,6.3442068,-.0030698776,.0092353821,.0084708482,.070929155,1.1801645,6.1073651,.070637353,.1938141
1983m3,.1105525,.09860381,12.42,31.82139744637385,1983,569.18494,8.3500004,8.3599997,6.3442054,6.3411369,.0030684471,-.0030698776,.0020800766,.08141993,1.0986038,6.7095747,.07297501,.1105525
1983m6,.1295777,.1190871,12.59,31.73825120603015,1983,578.48694,8.79,8.8699999,6.3604159,6.3442054,.016210556,.0030684471,.0052680327,.082631968,1.1190871,7.5085983,.070387468,.1295777
1983m9,-.01263833,-.02195728,13.3,33.12855660377359,1983,585.46338,9,9.2700005,6.3724036,6.3604159,.011987686,.016210556,.012093424,.077906579,.97804272,7.34373,.069972254,-.01263833
1983m12,-.009819153,-.01964806,14.03,34.73990044422508,1983,588.95166,9,9.2399998,6.3783441,6.3724036,.0059404373,.011987686,.0099002644,.080099739,.98035192,7.19944,.072180837,-.0098191528
1984m3,-.0388886,-.04871603,15.26,37.30675857699806,1984,596.50977,9.5200005,9.6700001,6.3910956,6.3783441,.012751579,.0059404373,.0067596091,.088440396,.95128399,6.848712,.070751995,-.0388886
1984m6,-.02769669,-.03855865,16.2,39.1847068466731,1984,602.90472,9.8699999,10.93,6.4017591,6.3910956,.010663509,.012751579,.010296995,.088403001,.96144134,6.5846348,.074390434,-.02769669
1984m9,.09018427,.07911704,16.56,39.55955314285715,1984,610.46259,10.37,10.51,6.414217,6.4017591,.012457848,.010663509,.0092125498,.094487451,1.0791171,7.1055918,.072873667,.090184271
1984m12,.01264317,.001596221,16.64,39.63741234567902,1984,612.20667,8.0600004,8.6000004,6.4170699,6.414217,.0028529167,.012457848,.010144444,.070455559,1.0015962,7.1169338,.078495108,.01264317
1985m3,.1021335,.09139718,16.39,38.63826968984963,1985,618.60199,8.5200005,9.0600004,6.4274621,6.4170699,.010392189,.0028529167,.0051560965,.080043904,1.0913972,7.7674012,.076409683,.1021335
1985m6,.0714716,.06133305,15.61,36.3890716078067,1985,625.57849,6.9499998,7.27,6.4386768,6.4274621,.011214733,.010392189,.0090716388,.060428359,1.0613331,8.2438002,.078750186,.071471602
1985m9,-.04466994,-.053866,15.23,35.27376283471838,1985,629.64856,7.0999999,7.5,6.4451618,6.4386768,.0064849854,.011214733,.009498829,.061501171,.94613397,7.7997389,.075810485,-.044669941
1985m12,.1648346,.1539072,14.61,33.52821230558097,1985,635.46204,7.0999999,7.1599998,6.4543524,6.4451618,.0091905594,.0064849854,.0070424215,.063957579,1.1539072,9.0001745,.085230865,.1648346
1986m3,.1414017,.132043,14.52,33.47480569852942,1986,632.55493,6.5599999,6.5900002,6.4497671,6.4543524,-.0045852661,.0091905594,.0084475689,.057152431,1.132043,10.188585,.084229931,.14140169
1986m6,.05739047,.04908985,14.71,33.69604251141553,1986,636.62488,6.21,6.3200002,6.4561806,6.4497671,.0064134598,-.0045852661,.0012930552,.060806945,1.0490899,10.688742,.084571578,.05739047
1986m9,-.07669146,-.08390386,14.85,33.80066175136116,1986,640.6944,5.21,5.4499998,6.4625525,6.4561806,.0063719749,.0064134598,.0070052743,.045094725,.91609615,9.7919149,.077091478,-.076691464
1986m12,.037033,.027492,14.48,32.86901031674209,1986,642.43872,5.5300002,5.5500002,6.4652715,6.4625525,.0027189255,.0063719749,.0069837291,.048316274,1.027492,10.061115,.093424663,.037032999
1987m3,.2105564,.2020378,15.1,33.78715923282783,1987,651.74097,5.5900002,5.6799998,6.4796472,6.4652715,.014375687,.0027189255,.0050865076,.050813492,1.2020378,12.093841,.085706614,.2105564
1987m6,.03117668,.02338869,14.42,31.86762828193833,1987,659.88019,5.6700001,6.3499999,6.4920583,6.4796472,.012411118,.014375687,.01114048,.045559522,1.0233887,12.3767,.094186708,.031176681
1987m9,.06053895,.05302164,15.86,34.59279765217391,1987,668.60071,6.4000001,7.1100001,6.505187,6.4920583,.013128757,.012411118,.010120175,.053879827,1.0530217,13.032933,.09303949,.060538951
1987m12,-.2308077,-.2385022,17.5,38.03755415944541,1987,670.92633,5.77,6.6900001,6.5086594,6.505187,.0034723282,.013128757,.010492884,.047207117,.7614978,9.9245501,.1002819,-.23080771
1988m3,.08065624,.06999928,18.59,40.02522742489271,1988,677.32184,5.6999998,6.2800002,6.5181465,6.5086594,.0094871521,.0034723282,.0054777893,.05152221,1.0699993,10.619262,.10576554,.080656238
1988m6,.06349189,.05429809,21.67,46.06353334745764,1988,686.04218,6.46,6.9899998,6.5309391,6.5181465,.012792587,.0094871521,.008601605,.055998396,1.054298,11.195868,.097631365,.063491888
1988m9,.0008235255,-.008913431,22.73,47.5907952003339,1988,696.50726,7.2399998,7.5300002,6.5460782,6.5309391,.015139103,.012792587,.010318292,.062081706,.99108654,11.096073,.10901368,.00082352548
1988m12,.02203914,.0105536,23.75,49.43754668049793,1988,700.57727,8.0699997,8.3199997,6.5519047,6.5460782,.0058264732,.015139103,.011536961,.069163032,1.0105536,11.213177,.12744439,.02203914
1989m3,.07107682,.0612749,24.96,51.19157219950942,1989,711.04266,8.8199997,8.8199997,6.5667324,6.5519047,.014827728,.0058264732,.0067004212,.081499577,1.0612749,11.900263,.10991066,.071076818
1989m6,.08413746,.07440112,25.22,50.97457864625303,1989,721.50708,8.1499996,7.8400002,6.5813422,6.5667324,.014609814,.014827728,.011375248,.070124745,1.0744011,12.785656,.11586501,.084137462
1989m9,.09934086,.09013171,23.69,47.53739636000001,1989,726.73926,7.75,7.6500001,6.5885677,6.5813422,.0072255135,.014609814,.011262074,.066237926,1.0901318,13.93805,.11774503,.099340864
1989m12,.00608263,-.002209938,22.87,45.49162200634418,1989,733.13519,7.6300001,7.21,6.5973301,6.5885677,.0087623596,.0072255135,.0074270167,.068872981,.99779004,13.907248,.11558223,.0060826298
1990m3,-.03347703,-.04149629,21.67,42.23385341880343,1990,748.25153,7.9000001,7.7600002,6.6177392,6.5973301,.020409107,.0087623596,.0082251821,.070774816,.95850372,13.330149,.11152583,-.033477031
1990m6,.05369282,.0444093,21.26,41.05201254811394,1990,755.22815,7.73,7.5300002,6.6270199,6.6177392,.0092806816,.020409107,.014273954,.063026048,1.0444093,13.922131,.1237507,.053692821
1990m9,-.1488791,-.1563612,21.74,41.09310527505652,1990,771.50677,7.3600001,7.2399998,6.6483455,6.6270199,.021325588,.0092806816,.0084943743,.065105624,.84363878,11.745249,.10416678,-.1488791
1990m12,.08347718,.07290697,21.34,40.00540261584455,1990,777.90228,6.7399998,6.6100001,6.656601,6.6483455,.0082554817,.021325588,.01474993,.052650068,1.072907,12.60156,.12414975,.083477177
1991m3,.1612906,.1521569,20.94,38.90659755555556,1991,784.87952,5.9099998,6,6.6655302,6.656601,.0089292526,.0082554817,.0079619335,.051138066,1.1521569,14.518974,.11509886,.1612906
1991m6,-.001791971,-.009647185,19.41,35.79867650735294,1991,790.69336,5.5700002,5.96,6.6729102,6.6655302,.0073800087,.0089292526,.0083118584,.047388144,.99035281,14.378907,.11404965,-.001791971
1991m9,.06306999,.05534123,17.82,32.57871362973762,1991,797.66998,5.2199998,5.2600002,6.681695,6.6729102,.008784771,.0073800087,.0075072544,.044692744,1.0553412,15.174654,.11113112,.063069992
1991m12,.08450413,.07653912,15.97,29.04831823785352,1991,801.7403,4.0700002,4.1700001,6.6867847,6.681695,.0050897598,.008784771,.0082368217,.032463182,1.0765392,16.336109,.12086627,.084504128
1992m3,-.0118315,-.01850134,16.19,29.15251826992104,1992,809.88,4.04,4.4000001,6.6968861,6.6867847,.010101318,.0050897598,.0063178074,.034082193,.98149866,16.033869,.10895924,-.0118315
1992m6,.0002889295,-.006760225,17.05,30.50399447218261,1992,815.11298,3.6600001,3.98,6.7033267,6.6968861,.0064406395,.010101318,.0089205746,.027679427,.99323976,15.925476,.11302522,.0002889295
1992m9,.030924,.02388662,18.04,32.0239364472753,1992,821.50873,2.9100001,3.0599999,6.7111425,6.7033267,.0078158379,.0064406395,.0070193904,.022080611,1.0238866,16.305882,.11207363,.030924
1992m12,.07030566,.0631536,19.09,33.74456832276251,1992,824.99738,3.22,3.55,6.7153802,6.7111425,.0042376518,.0078158379,.0077336035,.024466397,1.0631536,17.335657,.11662064,.07030566
1993m3,.04368497,.03700022,19.84,34.65513314763232,1993,834.88062,2.95,3.2,6.7272887,6.7153802,.011908531,.0042376518,.0058752624,.023624739,1.0370002,17.977079,.11588454,.043684971
1993m6,.008905774,.002350782,19.33,33.57724075484764,1993,839.53223,3.0699999,3.3900001,6.7328448,6.7272887,.0055561066,.011908531,.0098591549,.020840844,1.0023508,18.019341,.11783961,.008905774
1993m9,.03932077,.03294043,20.41,35.28222263955893,1993,843.60205,2.95,3.22,6.7376809,6.7328448,.0048360825,.0055561066,.0065600057,.022939995,1.0329404,18.612904,.11496952,.039320771
1993m12,.01965754,.01333442,21.89,37.65898247599452,1993,847.67145,3.0599999,3.45,6.7424932,6.7376809,.0048122406,.0048360825,.0061860592,.02441394,1.0133344,18.861095,.11769162,.019657539
1994m3,-.03961367,-.04551008,22.71,38.69810227581523,1994,855.81049,3.5,4.1100001,6.752049,6.7424932,.0095558167,.0048122406,.0061736768,.028826322,.95448995,18.002726,.11121275,-.039613672
1994m6,-.009510473,-.01607108,25.2,42.70897702702703,1994,860.46136,4.1399999,4.98,6.7574687,6.752049,.0054197311,.0095558167,.0086372662,.032762732,.98392892,17.713404,.11810881,-.0095104733
1994m9,.05479855,.04829933,27.33,45.88485652610442,1994,868.60138,4.6199999,5.4299998,6.7668843,6.7574687,.0094156265,.0054197311,.0064891786,.03971082,1.0482993,18.568949,.11512331,.054798551
1994m12,-.01092296,-.01762445,30.6,51.27196593186374,1994,870.34558,5.5999999,6.6700001,6.7688904,6.7668843,.0020060539,.0094156265,.0085644582,.047435541,.98237556,18.24168,.12443963,-.01092296
1995m3,.08950759,.08280185,32.55,53.92690075957728,1995,880.22882,5.73,6.0300002,6.7801819,6.7688904,.011291504,.0020060539,.0047162757,.052583724,1.0828018,19.752125,.12232397,.089507587
1995m6,.09294293,.08642414,34.43,56.6301253442623,1995,886.62463,5.4699998,5.3299999,6.7874217,6.7801819,.0072398186,.011291504,.0095387008,.045161296,1.0864241,21.459185,.12875995,.092942931
1995m9,.08865578,.08224131,35.18,57.59932761096606,1995,890.69427,5.2800002,5.3099999,6.7920012,6.7874217,.0045795441,.0072398186,.0074344464,.045365557,1.0822413,23.224016,.1376493,.088655777
1995m12,.046659,.04088491,33.96,55.4931842345277,1995,892.4386,5.1399999,5.0300002,6.7939577,6.7920012,.0019564629,.0045795441,.0060528251,.045347173,1.0408849,24.173527,.13409756,.046659
1996m3,.05632308,.05099253,34.04,54.83795902376365,1996,905.229,4.96,5.0599999,6.808188,6.7939577,.014230251,.0019564629,.0046905205,.044909481,1.0509925,25.406195,.12885819,.056323081
1996m6,.04425175,.03908183,34.91,55.88061745373325,1996,911.04333,5.0900002,5.48,6.8145905,6.808188,.0064024925,.014230251,.011064948,.039835054,1.0390818,26.399115,.131348,.044251751
1996m9,.02869677,.023413,36,57.22368821292776,1996,917.4386,5.0900002,5.5,6.8215857,6.8145905,.0069952011,.0064024925,.0069995788,.043900423,1.0234129,27.017197,.13948685,.02869677
1996m12,.06789553,.06265881,38.73,61.25261831651955,1996,922.09015,4.9099998,5.1799998,6.826643,6.8215857,.0050573349,.0069952011,.0073074037,.041792594,1.0626588,28.71006,.14148149,.067895532
1997m3,.005076764,.0005666171,40.24,63.08387075,1997,930.23016,5.1399999,5.4699998,6.8354321,6.826643,.0087890625,.0050573349,.0063009672,.045099031,1.0005666,28.726328,.12948659,.0050767642
1997m6,.1662868,.1613633,40.55,63.45088443543356,1997,931.97412,4.9299998,5.3800001,6.8373051,6.8354321,.0018730164,.0087890625,.0082390504,.041060947,1.1613632,33.361702,.14143407,.1662868
1997m9,.09813629,.09379776,40.64,63.23667196029778,1997,937.2074,4.9499998,5.23,6.8429046,6.8373051,.0055994987,.0018730164,.0046471823,.044852816,1.0937978,36.490955,.14474075,.098136291
1997m12,.01264687,.008536314,39.72,61.76681624302542,1997,937.78851,5.1599998,5.2399998,6.8435245,6.8429046,.00061988831,.0055994987,.0065825414,.045017458,1.0085363,36.802456,.14999811,.01264687
1998m3,.1334453,.1295138,39.54,61.14573347718866,1998,943.02069,5.0300002,5.1100001,6.8490882,6.8435245,.005563736,.00061988831,.0039963666,.046303637,1.1295137,41.568878,.14468886,.13344529
1998m6,.01633574,.0127847,38.97,59.96849438650308,1998,947.67267,4.98,5.1300001,6.8540092,6.8490882,.0049209595,.005563736,.006563968,.043236032,1.0127847,42.100327,.14761275,.016335741
1998m9,-.1250268,-.1285057,38.09,58.39935051955992,1998,951.1604,4.6100001,4.5,6.8576827,6.8540092,.0036735535,.0049209595,.0062301401,.03986986,.87149429,36.690193,.14646283,-.12502681
1998m12,.212973,.2087054,37.71,57.71091003660769,1998,952.90454,4.3899999,4.3200002,6.8595147,6.8576827,.0018320084,.0036735535,.0055822963,.038317703,1.2087054,44.347637,.15657906,.212973
1999m3,.03679723,.03345359,38.38,58.34469448484849,1999,959.30042,4.4400001,4.5300002,6.8662043,6.8595147,.0066895485,.0018320084,.0046258848,.039774116,1.0334536,45.831223,.14828253,.036797229
1999m6,.07959428,.07577928,41.02,61.90774434416368,1999,966.27765,4.5700002,4.8200002,6.8734512,6.8662043,.0072469711,.0066895485,.0071486621,.038551338,1.0757793,49.304283,.17484611,.079594277
1999m9,-.06231592,-.06541437,43.96,65.67307194758786,1999,976.1618,4.6799998,4.96,6.8836284,6.8734512,.010177135,.0072469711,.0074381609,.039361838,.93458563,46.079075,.15276685,-.062315919
1999m12,.1934974,.1900006,48.17,71.79147465834819,1999,978.48773,5.1999998,5.5100002,6.8860083,6.8836284,.0023798943,.010177135,.0089599499,.043040048,1.1900007,54.834126,.16112931,.1934974
2000m3,.04392951,.04114399,50.95,74.64844611565422,2000,995.34845,5.6900001,5.8600001,6.9030929,6.8860083,.017084599,.0023798943,.0049104309,.05198957,1.041144,57.090221,.15274155,.04392951
2000m6,-.04943753,-.05210117,51.92,75.54013665893272,2000,1002.3254,5.6900001,5.8299999,6.910078,6.9030929,.0069851875,.017084599,.012547361,.044352639,.94789881,54.115753,.1520678,-.04943753
2000m9,.001962038,-.0006532043,53.7,77.54518048359242,2000,1009.8834,6,5.79,6.9175901,6.910078,.0075120926,.0069851875,.0073022027,.052697796,.99934679,54.080406,.1415258,.001962038
2000m12,-.106472,-.1091599,50,72.07772988505748,2000,1011.6281,5.77,5.3299999,6.9193163,6.9175901,.0017261505,.0075120926,.0075758523,.050124146,.89084011,48.176994,.14536272,-.106472
2001m3,-.1293531,-.1319679,45.44,64.68636730987515,2001,1024.4191,4.4200001,4.1100001,6.931881,6.9193163,.012564659,.0017261505,.0045709074,.039629094,.8680321,41.819176,.12597321,-.12935311
2001m6,.07593771,.07261841,36.79,51.84300053370787,2001,1034.8837,3.49,3.3699999,6.9420443,6.931881,.010163307,.012564659,.010199917,.024700083,1.0726184,44.856018,.1388104,.075937711
2001m9,-.1607139,-.1638097,28.31,39.82619997195738,2001,1036.6276,2.6400001,,6.943728,6.9420443,.001683712,.010163307,.0089527685,.017447233,.83619028,37.508167,.13886526,-.1607139
2001m12,.1286003,.1245635,24.69,35.04813268251274,2001,1027.3257,1.6900001,,6.9347143,6.943728,-.0090136528,.001683712,.0045488668,.012351134,1.1245635,42.180313,.15141296,.1286003
2002m3,.005685809,.002375957,24.7,34.65052209172259,2002,1039.5356,1.79,,6.9465294,6.9347143,.011815071,-.0090136528,-.0010068398,.018906839,1.002376,42.280533,.13961059,.0056858091
2002m6,-.1256799,-.1289676,26.74,37.28297704280156,2002,1045.9308,1.7,,6.9526625,6.9465294,.0061330795,.011815071,.0098106163,.0071893842,.87103242,36.827713,.13900571,-.1256799
2002m9,-.166364,-.1700675,30.04,41.62954817679558,2002,1052.3257,1.63,,6.9587579,6.9526625,.0060954094,.0061330795,.0068596583,.009440342,.82993251,30.564518,.13639143,-.166364
2002m12,.07995142,.07496124,27.59,38.25546431730238,2002,1051.7443,1.1900001,,6.9582052,6.9587579,-.00055265427,.0060954094,.006840094,.0050599067,1.0749612,32.855671,.15252244,.07995142
2003m3,-.02850906,-.03287472,30.32,41.2876262757872,2003,1070.9304,1.13,,6.9762831,6.9582052,.01807785,-.00055265427,.0033874037,.0079125967,.9671253,31.775549,.14343669,-.02850906
2003m6,.1702269,.1648723,34.55,47.17579627109418,2003,1068.0231,.92000002,,6.9735646,6.9762831,-.0027184486,.01807785,.013063208,-.003863208,1.1648723,37.014458,.17014535,.1702269
2003m9,.03911139,.03468989,38.58,52.2518395788337,2003,1076.7437,.94,,6.9816966,6.9735646,.0081319809,-.0027184486,.0022625921,.007137408,1.0346899,38.298485,.16365942,.039111391
2003m12,.1269601,.1218994,48.74,66.33466397178513,2003,1071.5106,.89999998,,6.9768248,6.9816966,-.0048718452,.0081319809,.0078977933,.0011022064,1.1218994,42.967045,.19381714,.1269601
2004m3,.02779115,.02388871,52,69.60077908217717,2004,1089.5342,.94,,6.9935055,6.9768248,.016680717,-.0048718452,.0011442197,.0082557807,1.0238887,43.993473,.16767631,.02779115
2004m6,.01087886,.006265354,56.15,74.24424130205588,2004,1102.9066,1.27,,7.0057044,6.9935055,.012198925,.016680717,.012337604,.00036239621,1.0062654,44.269108,.20296416,.01087886
2004m9,-.01522235,-.01935846,57.77,76.30583457082676,2004,1104.0701,1.65,,7.0067587,7.0057044,.001054287,.012198925,.010009972,.0064900275,.98064154,43.412128,.18310189,-.01522235
2004m12,.1044018,.09710805,58.55,77.17354584866001,2004,1106.3958,2.1900001,,7.008863,7.0067587,.0021042824,.001054287,.004221973,.017678028,1.097108,47.627792,.31663722,.1044018
2005m3,-.0213502,-.02558791,60.22,78.14284899120538,2005,1123.8378,2.74,,7.0245047,7.008863,.015641689,.0021042824,.0047672912,.022632709,.97441208,46.409096,.20183277,-.021350199
2005m6,.02347523,.01860829,63.26,81.58116930591261,2005,1130.8135,2.97,,7.0306926,7.0245047,.0061879158,.015641689,.011797981,.017902019,1.0186083,47.272694,.22587028,.02347523
2005m9,.04813482,.04379694,66.47,83.86671697686117,2005,1155.8137,3.4200001,,7.0525599,7.0306926,.021867275,.0061879158,.0068881377,.027311863,1.0437969,49.34309,.20506327,.048134819
2005m12,.02212903,.01716682,69.83,89.00149296239837,2005,1144.1852,3.8900001,,7.042448,7.0525599,-.010111809,.021867275,.015031257,.023868745,1.0171669,50.190155,.24485077,.022129031
2006m3,.05810831,.05343769,72.67,91.23049266766769,2006,1161.6273,4.5100002,,7.0575771,7.042448,.015129089,-.010111809,-.0015771702,.046677172,1.0534377,52.872204,.23441914,.058108311
2006m6,-.01884098,-.02372918,74.49,92.08656453918187,2006,1179.6508,4.79,,7.0729737,7.0575771,.015396595,.015129089,.011531761,.03636824,.97627079,51.617588,.25844991,-.01884098
2006m9,.04304006,.03849545,78.56999999999999,97.1303715377033,2006,1179.6514,4.8099999,,7.0729742,7.0729737,4.7683716e-07,.015396595,.011670691,.036429308,1.0384954,53.60463,.23458181,.04304006
2006m12,.07322494,.06787079,81.51000000000001,101.3141429881071,2006,1173.2562,4.8499999,,7.0675383,7.0729742,-.0054359436,4.7683716e-07,.0036746738,.044825327,1.0678707,57.242813,.28700721,.073224939
2007m3,.01813748,.01366599,83.15000000000001,101.5649035558456,2007,1193.908,4.9400001,,7.0849872,7.0675383,.017448902,-.0054359436,.00085125351,.048548747,1.013666,58.025097,.25596067,.018137479
2007m6,.06439333,.05917839,84.92,102.233364978498,2007,1211.3499,4.6100001,,7.0994906,7.0849872,.014503479,.017448902,.012736563,.033363439,1.0591784,61.458927,.3025974,.064393327
2007m9,.01958336,.01507981,78.59999999999999,94.56222025037172,2007,1212.1531,3.8900001,,7.1001534,7.0994906,.00066280365,.014503479,.011206849,.027693152,1.0150799,62.385715,.27678335,.019583359
2007m12,-.02904479,-.03400085,66.18000000000001,79.03389176141235,2007,1221.1411,3,,7.1075411,7.1001534,.0073876381,.00066280365,.004018655,.025981344,.96599913,60.264549,.30918735,-.02904479
2008m3,-.09239121,-.09689101,60.39,70.93989497864449,2008,1241.4441,1.26,,7.1240306,7.1075411,.016489506,.0073876381,.0075112167,.0050887833,.90310901,54.425457,.27117842,-.092391208
2008m6,-.008421015,-.01380746,51.37,58.88610371775244,2008,1272.1829,1.86,2.3499999,7.1484895,7.1240306,.024458885,.016489506,.012238298,.0063617025,.98619252,53.673977,.29315972,-.008421015
2008m9,-.100139,-.1049303,45.95,52.68079089783029,2008,1271.996,1.13,1.86,7.1483426,7.1484895,-.00014686584,.024458885,.016377216,-.0050772163,.89506972,48.041954,.25716811,-.100139
2008m12,-.2381778,-.2440187,14.88,17.75385695530567,2008,1222.2585,.029999999,.47,7.1084557,7.1483426,-.039886951,-.00014686584,.003598151,-.0032981511,.75598133,36.318821,.28060824,-.23817781
2009m3,-.0980679,-.1054544,6.86,8.08944252476388,2009,1236.6826,.20999999,.62,7.1201878,7.1084557,.011732101,-.039886951,-.017040974,.019140974,.89454561,32.488842,.26826897,-.098067902
2009m6,.1819991,.1748994,7.51,8.733417658431195,2009,1254.0317,.18000001,.49000001,7.134119,7.1201878,.013931274,.011732101,.0097675258,-.0079675261,1.1748995,38.17112,.23066103,.1819991
2009m9,.1676068,.1617598,12.54,14.5641942593613,2009,1255.6354,.12,.38,7.135397,7.134119,.0012779236,.013931274,.010909673,-.009709673,1.1617599,44.345676,.22318654,.1676068
2009m12,.05735128,.05156376,50.97,59.20300897434117,2009,1255.5198,.050000001,.34999999,7.1353049,7.135397,-.000092029572,.0012779236,.0043381192,-.0038381191,1.0515637,46.632305,.25665149,.05735128
2010m3,.0611739,.05613538,60.93,70.22484096934721,2010,1265.2976,.15000001,.37,7.1430626,7.1353049,.0077576637,-.000092029572,.0036266304,-.0021266304,1.0561354,49.250031,.2349578,.061173901
2010m6,-.1100561,-.1146558,67.09999999999999,77.21756497602826,2010,1267.2394,.12,.30000001,7.1445961,7.1430626,.0015335083,.0077576637,.0077033904,-.0065033906,.88534421,43.60323,.22653536,-.1100561
2010m9,.1188848,.1126022,71.86,82.5158498711311,2010,1269.996,.15000001,.25,7.146769,7.1445961,.0021729469,.0015335083,.0044708578,-.0029708578,1.1126022,48.51305,.27394164,.1188848
2010m12,.1157079,.1093276,77.34999999999999,88.52006430816822,2010,1274.2981,.14,.28,7.1501508,7.146769,.0033817291,.0021729469,.0048029521,-.0034029521,1.1093276,53.81686,.30952781,.1157079
2011m3,.06266682,.05792237,81.31,91.26639707428838,2011,1299.2275,.1,.23999999,7.1695251,7.1501508,.019374371,.0033817291,.0054307366,-.0044307364,1.0579224,56.934063,.2553314,.062666818
2011m6,-.0055248,-.01036785,83.87000000000001,93.19939587191325,2011,1312.3372,.039999999,.17,7.179565,7.1695251,.010039806,.019374371,.01373656,-.01333656,.98963213,56.343777,.27573451,-.0055248002
2011m9,-.1581595,-.1626601,86.98,96.15819581381206,2011,1319.1218,.0099999998,.1,7.1847215,7.179565,.005156517,.010039806,.0088886274,-.0087886276,.83733988,47.17889,.25358081,-.15815949
2011m12,.1139259,.1071842,86.95,96.64341156634409,2011,1312.0444,.0099999998,.11,7.1793418,7.1847215,-.0053796768,.005156517,.0063524777,-.0062524779,1.1071842,52.235722,.31806591,.1139259
2012m3,.1259933,.1200949,88.54000000000001,96.81476455151011,2012,1333.673,.079999998,.18000001,7.1956921,7.1793418,.016350269,-.0053796768,.00088047585,-.000080475875,1.1200949,58.508965,.30810717,.1259933
2012m6,-.03649247,-.04207231,87.92,96.100792058498,2012,1334.1742,.090000004,.18000001,7.1960678,7.1956921,.00037574768,.016350269,.012165984,-.011265984,.9579277,56.047359,.32647067,-.036492471
2012m9,.06481041,.05873824,86.5,93.76050962157584,2012,1345.3881,.11,.17,7.2044377,7.1960678,.0083699226,.00037574768,.0038695717,-.0027695717,1.0587382,59.339481,.34032908,.06481041
2012m12,.003964953,-.004243096,86.51000000000001,94.5089374828507,2012,1334.8882,.07,.15000001,7.1966028,7.2044377,-.0078349113,.0083699226,.0080213686,-.0073213684,.99575692,59.0877,.48706138,.0039649531
2013m3,.1041962,.09850384,87.7,94.50337818389592,2013,1353.3304,.090000004,.14,7.2103238,7.1966028,.013720989,-.0078349113,-.00039465711,.0012946571,1.0985038,64.908066,.33634847,.1041962
2013m6,.02174505,.01597665,90.95,97.69868599681377,2013,1357.5801,.050000001,.14,7.213459,7.2103238,.0031352043,.013720989,.01080046,-.01030046,1.0159767,65.945076,.3744157,.02174505
2013m9,.06473392,.05901159,94.37000000000001,101.0932110963532,2013,1361.3301,.02,.11,7.2162175,7.213459,.002758503,.0031352043,.0053027035,-.0051027033,1.0590116,69.836601,.37735948,.064733922
2013m12,.09615796,.09043306,100.2,107.8452003655884,2013,1354.9349,.07,.13,7.2115088,7.2162175,-.0047087669,.002758503,.0051070624,-.0044070622,1.090433,76.152138,.39980757,.096157961
2014m3,.01960583,.01443182,100.85,107.0546140808234,2014,1373.7957,.050000001,.12,7.2253327,7.2115088,.013823986,-.0047087669,.0012289148,-.00072891481,1.0144318,77.251152,.39401191,.01960583
2014m6,.05092858,.04549002,103.12,108.5227640836945,2014,1385.7151,.039999999,.1,7.2339716,7.2253327,.0086388588,.013823986,.010853952,-.010453952,1.04549,80.765305,.42013502,.050928582
2014m9,-.005696334,-.01067855,105.96,111.6577243300243,2014,1383.9011,.02,.1,7.2326617,7.2339716,-.0013098717,.0086388588,.0081610419,-.0079610422,.98932147,79.902855,.40239018,-.0056963339
2014m12,.0402981,.03472124,102.31,109.2894249655043,2014,1365.1869,.029999999,.2,7.2190466,7.2326617,-.013615131,-.0013098717,.0029941406,-.0026941407,1.0347213,82.677177,.44560704,.040298101
2015m3,.01625207,.01090417,99.25,105.4338156819231,2015,1372.7859,.029999999,.23999999,7.2245975,7.2190466,.0055508614,-.013615131,-.0033966305,.0036966305,1.0109042,83.578705,.44214928,.016252071
2015m6,-.0001513537,-.005330513,94.91,99.75914462491305,2015,1387.4315,.02,.25999999,7.2352095,7.2245975,.010612011,.0055508614,.0065572816,-.0063572815,.9946695,83.133194,.43286744,-.0001513537
2015m9,-.08108774,-.08604942,90.66,95.56953552291498,2015,1383.4023,.02,.34999999,7.2323012,7.2352095,-.0029082298,.010612011,.0091858041,-.0089858044,.91395056,75.97963,.41248029,-.081087738
2015m12,.05386665,.04780807,86.53,91.76350561251454,2015,1375.1458,.23,.63,7.226315,7.2323012,-.0059862137,-.0029082298,.0021640288,.00013597122,1.0478081,79.612061,.46032867,.053866651
2016m3,.009710829,.003639264,86.44,91.0494533284061,2016,1384.4886,.28999999,.63999999,7.2330861,7.226315,.0067710876,-.0059862137,.00056546921,.0023345307,1.0036392,79.901787,.4833698,.0097108288
2016m6,.02943055,.0236595,86.92,90.45875021782607,2016,1401.2675,.27000001,.54000002,7.2451324,7.2330861,.012046337,.0067710876,.0071910094,-.0044910093,1.0236595,81.792221,.46111721,.02943055
2016m9,.04555063,.03999204,89.09,92.55964198435974,2016,1403.6509,.28999999,.57999998,7.2468319,7.2451324,.0016994476,.012046337,.0099307252,-.0070307255,1.0399921,85.063263,.45464942,.045550629
2016m12,.03927375,.03347965,94.55,98.23065614748667,2016,1403.6743,.50999999,.83999997,7.2468486,7.2468319,.000016689301,.0016994476,.0045570391,.00054296077,1.0334797,87.911156,.49286506,.03927375
2017m3,.05843514,.05313834,100.29,103.1816557151119,2017,1417.4479,.74000001,.98000002,7.2566133,7.2468486,.0097646713,.000016689301,.0036830937,.0037169063,1.0531384,92.582611,.46564782,.058435138
2017m6,.02891806,.02352817,104.02,106.5150276989651,2017,1424.1584,.98000002,1.17,7.2613363,7.2566133,.0047230721,.0097646713,.0087457355,.0010542647,1.0235282,94.760918,.49901009,.02891806
2017m9,.04662452,.04121415,107.08,108.8203498920262,2017,1434.995,1.03,1.25,7.2689166,7.2613363,.0075802803,.0047230721,.0061273668,.0041726329,1.0412141,98.666405,.51269162,.046624519
2017m12,.06071707,.05536966,109.88,111.799481348672,2017,1433.2792,1.3200001,1.65,7.2677202,7.2689166,-.0011963844,.0075802803,.0076112659,.0055887345,1.0553696,104.12952,.52760971,.060717069
2018m3,-.009498787,-.01430358,115.44,116.0304900742925,2018,1450.8964,1.7,2,7.2799368,7.2677202,.012216568,-.0011963844,.0030530805,.01394692,.98569643,102.6401,.50032079,-.0094987871
2018m6,.03856739,.03333497,122.48,121.9169076427939,2018,1465.0536,1.9,2.25,7.2896471,7.2799368,.0097103119,.012216568,.010019135,.0089808647,1.033335,106.06161,.53705609,.03856739
2018m9,.06516875,.05970281,130.39,129.5591762564422,2018,1467.6693,2.1300001,2.47,7.291431,7.2896471,.0017838478,.0097103119,.0087175043,.012582497,1.0597028,112.39378,.5797264,.065168753
2018m12,-.1438096,-.1487165,,,2018,1460.6583,2.3699999,2.5699999,7.2866426,7.291431,-.0047883987,.0017838478,.0046008723,.019099128,.85128349,95.67897,.55150503,-.1438096
