"date","prices","vwretd_quarterly","vwretx_quarterly","dividends_quarterly","smoothed_dividends","t30ret","cpiret","exp_inflation_quarterly","real_rf"
1926-03-31,0.898873764135015,NA,NA,NA,NA,0.008521,-0.005587,NA,NA
1926-06-30,0.985757933708326,0.112068783175819,0.0966589225762082,0.013379171636327,NA,0.006886,-0.005618,0.00085013201971858,0.00603586798028142
1926-09-30,1.05930701723114,0.0858084875007297,0.0746117084202664,0.0108851974459689,NA,0.007069,-0.011299,0.000834681236023243,0.00623431876397676
1926-12-31,1.06603102317639,0.0218938252698073,0.00634755159352185,0.016137542628505,0.0512803924259184,0.009093,0.011428,-0.0019967994792416,0.0110897994792416
1927-03-31,1.10596604592102,0.0501146510648978,0.0374614076667665,0.0132989633669404,0.0537008750777413,0.008013,-0.022598,0.00933061861894956,-0.00131761861894956
1927-06-30,1.15148398220621,0.0542639916623273,0.0411567212692192,0.0145207330398479,0.0548424364812622,0.008159,0.01734,-0.00762836093000333,0.0157873609300033
1927-09-30,1.34409814474342,0.179992748663984,0.167274721588537,0.0140542071017307,0.0580114461370241,0.007864,-0.017045,0.0122772325933635,-0.00441323259336353
1927-12-31,1.38004138479426,0.0401295579999839,0.0267415293975424,0.0175757366219405,0.0594496401304596,0.006852,0,-0.00486067699902891,0.0117126769990289
1928-03-31,1.4812141409264,0.0840340653078324,0.0733113928661138,0.0139446685138577,0.0600953452773769,0.008479,-0.011561,0.00363476197152014,0.00484423802847986
1928-06-30,1.48134908332578,0.0115180663784935,9.11025594807491e-05,0.0172500286799736,0.0628246409175026,0.008289,0,-0.00212738352208606,0.0104163835220861
1928-09-29,1.62319318846893,0.105282934806436,0.0957533283273719,0.0137021731208935,0.0624726069366653,0.009193,0.011696,0.00363476197152014,0.00555823802847986
1928-12-31,1.83977550782597,0.145611081808588,0.133429785743087,0.0193320223971073,0.0642288927118321,0.011749,-0.01156,0.00946419313605764,0.00228480686394236
1929-03-28,1.91708841295132,0.050490375206188,0.0420230103055927,0.0155908259360743,0.0658750501340486,0.010306,-0.005848,-0.00212688510970879,0.0124328851097088
1929-06-29,2.0661046540455,0.0872346667841188,0.0777305001102038,0.0169951618339534,0.0656201832880284,0.013205,0.005882,0.000720046389251387,0.0124849536107486
1929-09-30,2.23685589540312,0.0910665825689194,0.0826440427513104,0.0177106932058362,0.0696287033729711,0.010988,0.011696,0.00656642357461603,0.00442157642538397
1929-12-31,1.61652718620862,-0.268418099134929,-0.277321713244609,0.0201076503765784,0.0704043313524423,0.012052,-0.00578,0.00946419313605764,0.00258780686394236
1930-03-31,1.86653699102919,0.165884494654829,0.154658583507608,0.0171661540068673,0.0719796594232354,0.007851,-0.017442,0.000753938430905674,0.00709706156909433
1930-06-30,1.52087867387209,-0.176763547811009,-0.185186963247111,0.0175059308460039,0.0724904284352859,0.007396,-0.005917,-0.00505854671280468,0.0124545467128047
1930-09-30,1.38424925427058,-0.0793625995551552,-0.089835844205545,0.0172202271701052,0.0719999623995549,0.004763,-0.011905,0.00068565593521983,0.00407734406478017
1930-12-31,1.13826055576521,-0.165969467430642,-0.177705494690689,0.0169786340196481,0.0688709460426245,0.003266,-0.030121,-0.00229883737986657,0.00556483737986657
1931-03-31,1.23181538153069,0.0959277923080328,0.0821910460585085,0.0159962493375389,0.0677010413732961,0.002851,-0.031056,-0.0113779172441976,0.0142289172441975
1931-06-30,1.08832508765981,-0.103250087380738,-0.11648685023934,0.0154676690718047,0.0656627795990969,0.002208,-0.032051,-0.011843932816944,0.014051932816944
1931-09-30,0.712107557411955,-0.336108205241085,-0.345684882682273,0.012953490051548,0.0613960424805397,0.001397,-0.006623,-0.0123398531323266,0.0137368531323266
1931-12-31,0.581419469744156,-0.165081484421599,-0.183522961254288,0.014648574950812,0.0590659834117036,0.003737,-0.026667,0.00033377679686796,0.00340322320313204
1932-03-31,0.52040574934965,-0.0891520343433524,-0.10493924536334,0.00983834836662377,0.0529080824407885,0.004969,-0.041096,-0.00965640089311064,0.0146254008931106
1932-06-30,0.311296605142064,-0.388075176321523,-0.401819435063717,0.00742377891984751,0.0448641922888312,0.001811,-0.028571,-0.0168479930847241,0.0186589930847241
1932-09-30,0.582678503739361,0.893712747284808,0.871779178168196,0.00672205073669893,0.0386327529739822,0.000826,-0.014706,-0.0106053780594307,0.0114313780594307
1932-12-31,0.495154614790542,-0.13681385152888,-0.150209572495177,0.00760215625019243,0.0315863342733626,0.000432,-0.022389,-0.00369489044859687,0.00412689044859687
1933-03-31,0.421403261041876,-0.135989754141338,-0.148946110054663,0.00638975499198022,0.0281377408987191,0.000263,-0.038168,-0.00752419274315412,0.00778719274315412
1933-06-30,0.78973372870348,0.890017043885667,0.874056994127062,0.00605872894791142,0.026772690926783,0.001604,0.007937,-0.0153886416440807,0.0169926416440807
1933-09-30,0.71081221296353,-0.0932705102704153,-0.0999343359305641,0.0055634730075685,0.0256141131976526,0.000571,0.03937,0.0075906610099037,-0.0070196610099037
1933-12-30,0.729002826526024,0.0350026253849336,0.0255913070016811,0.00648317709499594,0.0244951340424561,0.000493,0,0.0232572572645982,-0.0227642572645982
1934-03-31,0.783516203225865,0.0841902302986794,0.0747780045786901,0.00687028020244178,0.0249756592529176,0.00088,0.007576,0.00363476197152014,-0.00275476197152014
1934-06-30,0.714458440035961,-0.0803619370341976,-0.0881382706644506,0.00608803835129996,0.0250049686563062,0.000189,0.007519,0.00741073414170961,-0.00722173414170961
1934-09-29,0.657825747656173,-0.0684262313069335,-0.0792666013952297,0.00766760026310761,0.0271090959118453,0.00019,0.014925,0.00738232463620528,-0.00719232463620528
1934-12-31,0.683887597481441,0.0498696064606248,0.0396181662364639,0.00668599092244133,0.0273119097392907,0.000287,-0.014706,0.011073566702259,-0.010786566702259
1935-03-30,0.603950832396503,-0.106658849018772,-0.116885823605109,0.00717749850538987,0.0276191280422388,0.000377,0.022388,-0.00369489044859687,0.00407189044859687
1935-06-29,0.729278349092473,0.218596021830226,0.207512780798174,0.00637981218408346,0.0279109018750223,0.000421,0,0.0147932182738171,-0.0143722182738171
1935-09-30,0.824765257292989,0.141010333303441,0.130933419755765,0.00720723452052178,0.0274505361324365,0.000404,0,0.00363476197152014,-0.00323076197152014
1935-12-31,0.957231103085635,0.172447285008215,0.160610361095252,0.00944944513560495,0.0302139903456001,0.00045,0.007299,0.00363476197152014,-0.00318476197152014
1936-03-31,1.06612909436591,0.122239953883386,0.113763532055369,0.00795112452408949,0.0309876163642997,0.000422,-0.007246,0.00727267391320612,-0.00685067391320612
1936-06-30,1.05910201753525,0.00300883275103048,-0.00659120632557897,0.00996716883375591,0.0345749730139721,0.000634,0.007299,2.32658858294113e-05,0.000610734114170589
1936-09-30,1.14772939365468,0.0938470968790903,0.0836816233488926,0.0107159941171026,0.038083732610553,0.000383,0.014492,0.00727267391320612,-0.00688967391320612
1936-12-31,1.2247325051874,0.0835944899976508,0.0670916959680921,0.018984804684379,0.047619092159327,0.000308,0,0.0108577541429016,-0.0105497541429016
1937-03-31,1.2801539375581,0.0521014218145412,0.0452518669472348,0.00838946408187434,0.0480574317171118,0.000425,0.014286,0.00363476197152014,-0.00320976197152014
1937-06-30,1.09486280563526,-0.13506750635341,-0.144741289689176,0.0128266474868665,0.0509169103702224,0.001396,0.014084,0.0107550811931842,-0.00935908119318419
1937-09-30,0.971492498642771,-0.102835775339558,-0.112681065022489,0.0118333904120183,0.052034306665138,0.000955,0.013889,0.0106544018929759,-0.00969940189297586
1937-12-31,0.741912322608039,-0.216007119394707,-0.236316982740957,0.0204882804222721,0.0535377824030312,0.000407,-0.013699,0.0105572114794084,-0.0101502114794084
1938-03-31,0.59067224334503,-0.195389371715367,-0.203851687934439,0.00732241570513898,0.0524707340262958,0.000107,-0.020833,-0.00319298918468705,0.00329998918468705
1938-06-30,0.803192015433358,0.375099276945549,0.3597930569495,0.00780068552733701,0.0474447720667664,7.6e-05,0,-0.00674866308412365,0.00682466308412365
1938-09-30,0.848719324302783,0.0646273423677017,0.0566829699431979,0.00633535040362544,0.0419467320583735,0.000164,0,0.00363476197152014,-0.00347076197152014
1938-12-31,0.921853714328064,0.0977648316654967,0.0861702896718657,0.00955957904790289,0.0310180306840043,6.1e-05,-0.007092,0.00363476197152014,-0.00357376197152014
1939-03-31,0.763172073639327,-0.164223521509073,-0.172133211834374,0.00793628610895831,0.0316319010878237,-0.000137,-0.007143,0.000100021391928828,-0.000237021391928828
1939-06-30,0.752295569714937,-0.00318611079457809,-0.0142517058735167,0.00872706440998473,0.0325582799704714,9.4e-05,-0.007194,7.46023606881118e-05,1.93976393118882e-05
1939-09-30,0.911813145364506,0.223972371825388,0.212041094047668,0.0080746243354063,0.0342975539022522,5.4e-05,0.021739,4.9183329447396e-05,4.81667055260403e-06
1939-12-30,0.869589085861713,-0.0301561451401406,-0.0463077986070423,0.0144687717232079,0.0392067465775573,6.4e-05,-0.007092,0.0144697486409696,-0.0144057486409696
1940-03-30,0.852252494959686,-0.0100144743212516,-0.0199365323046207,0.00853703593205534,0.0398074964006543,-4.4e-05,0,0.000100021391928828,-0.000144021391928828
1940-06-29,0.694231213457055,-0.17139313371262,-0.185416038600281,0.0116188987949177,0.0426993307855872,-0.000259,0.007143,0.00363476197152014,-0.00389376197152014
1940-09-30,0.742890262883406,0.0848950439833367,0.0700905526619067,0.0101472499905549,0.0447719564407358,-8e-06,-0.007092,0.00719492158235216,-0.00720292158235216
1940-12-31,0.737672719205809,0.0137752153493396,-0.00702330335754442,0.0154457759162806,0.0457489606338085,-0.00027,0.007143,0.000100021391928828,-0.000370021391928828
1941-03-31,0.697174027344014,-0.0416407787616332,-0.0549006230098853,0.00972860432756019,0.0469405290293133,-3e-05,0.007092,0.00719492158235216,-0.00722492158235216
1941-06-30,0.688669523503457,0.00613354905027141,-0.0121985379646985,0.0122897344618162,0.0476113646962118,1.8e-05,0.035211,0.00716950255111145,-0.00715150255111145
1941-09-30,0.711616757540071,0.0481673037010473,0.0333211115832095,0.0102788603493595,0.0477429750550164,0.000189,0.027211,0.0211843601875367,-0.0209953601875367
1941-12-31,0.607275845776413,-0.123336751496969,-0.146625147114783,0.0170767104943842,0.04937390963312,0.000245,0.026491,0.0171970611693852,-0.0169520611693852
1942-03-31,0.562414413324154,-0.0601034899202811,-0.073873236955281,0.00871991566792183,0.0483652209734817,0.000397,0.032257,0.0168382042577516,-0.0164412042577516
1942-06-30,0.581897981521719,0.0539217235509288,0.0346427256058537,0.010587449679593,0.0466629361912585,0.000478,0.01875,0.0197120500250843,-0.0192340500250843
1942-09-30,0.623177511522176,0.0860640060805768,0.0709394624337885,0.00860006464885259,0.0449841404907516,0.00084,0.01227,0.0129799940453127,-0.0121399940453127
1942-12-31,0.68621616578556,0.124348939050161,0.101156818238523,0.0139225976653064,0.0418300276616738,0.000897,0.024242,0.00975028184061001,-0.00885328184061001
1943-03-31,0.81638995396233,0.202608518614764,0.189697932906828,0.00849076134000373,0.0416008733337557,0.000834,0.017751,0.0157172748212737,-0.0148832748212737
1943-06-30,0.870317251706859,0.079388968443316,0.0660558076232987,0.0106825412232,0.0416959648773627,0.000852,0.017442,0.0124820800804211,-0.0116300800804211
1943-09-30,0.85137278408149,-0.0112610631073813,-0.0217673125382903,0.0089756526277972,0.0420715528563074,0.000856,-0.005714,0.012328070655845,-0.011472070655845
1943-12-31,0.825732628204139,-0.013094069151481,-0.030116250315675,0.0138481791307256,0.0419971343217266,0.000848,0,0.000786833647805425,6.11663521945755e-05
1944-03-31,0.854769457795779,0.0470722010057543,0.0351649294212719,0.00969022869740087,0.0431966016791237,0.00082,0,0.00363476197152014,-0.00281476197152014
1944-06-30,0.921431167788747,0.0923351869975824,0.077987940941258,0.0118052553485687,0.0443193158044924,0.000826,0.011494,0.00363476197152014,-0.00280876197152014
1944-09-30,0.906993201816937,-0.00574471010337207,-0.0156690662054098,0.0091337163131932,0.0444773794898884,0.000776,0.005682,0.00936351383584931,-0.00858751383584931
1944-12-30,0.950709852698559,0.0654689833205686,0.0481995353372511,0.01511665849675,0.0457458588559128,0.000789,0.00565,0.00646674109916224,-0.00567774109916224
1945-03-31,0.976075963315038,0.0370882881812515,0.0266812324964114,0.0101037576580522,0.0461593878165641,0.000736,0,0.00645079190308964,-0.00571479190308964
1945-06-30,1.07590571999023,0.115026653959732,0.102276626438115,0.0124004677716668,0.0467546002396622,0.000774,0.016854,0.00363476197152014,-0.00286076197152014
1945-09-29,1.1573164630792,0.0851013103785578,0.0756671719244209,0.00975599849118052,0.0473768824176496,0.000828,0,0.0120350041780108,-0.0112070041780108
1945-12-31,1.24518954365435,0.0891420466946053,0.075928307752015,0.0151061630759395,0.047366386996839,0.000868,0.005525,0.00363476197152014,-0.00276676197152014
1946-03-30,1.29476854657164,0.0489116959978524,0.0398164304944166,0.0110475080865241,0.0483101374253109,0.000851,0.005494,0.00638849035593102,-0.00553749035593102
1946-06-28,1.31935652965188,0.027959388543914,0.0189902536212669,0.0118870362370835,0.0477967058907276,0.000872,0.021858,0.00637303957223568,-0.00550103957223568
1946-09-30,1.06116306597983,-0.18861468854682,-0.195696506493339,0.0101813637694938,0.0482220711690409,0.000904,0.09091,0.0145290597138646,-0.0136250597138646
1946-12-31,1.08527212090374,0.0369616039256087,0.0227194629146374,0.0146677644356969,0.0477836725287983,0.000888,0.053922,0.0489454311890393,-0.0480574311890393
1947-03-31,1.07185951618666,-0.00168781724623901,-0.0123587480584263,0.0117216001963386,0.0484577646386128,0.000826,0.018605,0.0305101541786158,-0.0296841541786158
1947-06-30,1.06918628446436,0.0112929438751201,-0.00249401314438136,0.014182650504718,0.0507533789062472,0.000877,0.004566,0.0129077242506087,-0.0120307242506087
1947-09-30,1.06309373546417,0.00550013012694994,-0.00569830448511155,0.0120822953709689,0.0526543105077223,0.000862,0.045455,0.00591051288613011,-0.00504851288613011
1947-12-31,1.07821808442909,0.0334456369739107,0.0142267313411542,0.0200173651693172,0.0580039112413426,0.002038,0.017391,0.0262900965802797,-0.0242520965802797
1948-03-31,1.0627567964833,-0.00124314290793859,-0.0143396666862384,0.013436211385191,0.059718522430195,0.00234,1e-06,0.0123026516246042,-0.00996265162460424
1948-06-30,1.1821665280767,0.125989453485462,0.112358473724689,0.0142079326676288,0.0597438045931058,0.002506,0.029915,0.00363526038389741,-0.00112926038389741
1948-09-30,1.09327300957625,-0.0635706464862714,-0.0751954283844227,0.01397861512658,0.0616401243487169,0.002597,0.016597,0.0185447682375204,-0.0159477682375204
1948-12-31,1.06915557653325,-0.000491000832994581,-0.0220598449168211,0.0233113279991715,0.0649340871785712,0.002312,-0.016327,0.0119069121970527,-0.0095949121970527
1949-03-31,1.05634545570946,0.00394626529887732,-0.0119815311306993,0.0166697984900181,0.0681676742833983,0.00279,-0.012447,-0.00450281691214982,0.00729281691214982
1949-06-30,0.99109983584115,-0.0459030064184091,-0.0617654191776564,0.0168297445230246,0.0707894861387941,0.002903,0.004202,-0.00256897688834634,0.00547197688834634
1949-09-30,1.09042022612513,0.115669493971604,0.100212296170635,0.0149763028845346,0.0717871738967487,0.002667,0,0.00572909078080422,-0.00306209078080422
1950-03-31,1.21122586140738,0.0482021188762853,0.0320445937373053,0.0188207602650316,0.0803606445771914,0.002822,0,-0.00262131018795958,0.00544331018795957
1950-06-30,1.23673587737646,0.0355691008749794,0.0210613204208123,0.018227656199117,0.0817585562532838,0.002898,0.008474,0.00363476197152014,-0.000736761971520138
1950-09-29,1.36921303046835,0.129242597946913,0.107118387616377,0.0259753140639438,0.092757567432693,0.00298,0.02521,0.00785830845649712,-0.00487830845649712
1951-06-29,1.47613906803851,-0.00864760147269528,-0.0233017085608205,0.0226956041068109,0.109830461492148,0.003614,0.003876,0.0195839580441262,-0.0159699580441262
1951-09-28,1.64209550836814,0.127943045076148,0.112426019961765,0.0227793543292524,0.106634501757457,0.003864,0.007722,0.00556660834581454,-0.00170260834581454
1951-12-31,1.67520988533808,0.0396431287404002,0.0201659262821072,0.0308834468841748,0.0982847642747115,0.00389,0.015326,0.00748350234879088,-0.00359350234879088
1952-03-31,1.72482630379454,0.0444652240503431,0.0296180310841754,0.0238636416652149,0.100222046985453,0.003676,-0.007547,0.0112734300655439,-0.00759743006554388
1952-06-30,1.76593277629844,0.0382748581843468,0.0238322388831116,0.0238236377517831,0.101350080630425,0.004025,0.007604,-0.000126756239728539,0.00415175623972854
1952-09-30,1.7345716072648,-0.00497990871224663,-0.0177589823658958,0.0229317257283237,0.101502452029496,0.004559,0.007547,0.00742468968827314,-0.00286568968827314
1952-12-31,1.88092073385975,0.102295334798202,0.0843719140691612,0.0299450286031807,0.100564033748502,0.004059,0,0.00739628018276881,-0.00333728018276881
1953-03-31,1.79016717107082,-0.0356828491797846,-0.0482495413842903,0.0240971184852911,0.100797510568579,0.004922,-0.003744,0.00363476197152014,0.00128723802847986
1953-06-30,1.70926140317731,-0.0321021711598889,-0.0451945322207588,0.0237083207402316,0.100682193557027,0.005165,0.007518,0.00176870603102523,0.00339629396897477
1953-09-30,1.6465713430202,-0.0229732631313205,-0.0366766955835903,0.0235051179609308,0.101255585789634,0.004559,0.003731,0.00738182622382802,-0.00282282622382802
1953-12-31,1.74358153552858,0.0778652317944459,0.0589164829811994,0.0311072567524344,0.102417813938888,0.003038,-1e-06,0.00549433855111055,-0.00245633855111055
1954-03-31,1.89185563596504,0.0996711691286232,0.0850399579343502,0.0248495009983182,0.103170196451915,0.002595,0,0.00363426355914287,-0.00103926355914287
1954-06-30,2.04870384139163,0.0959005434722795,0.0829070688295857,0.0244324595142016,0.103894335225885,0.001966,0,0.00363476197152014,-0.00166876197152014
1954-09-30,2.26096421627803,0.116368173501245,0.103607154239634,0.0244569257600591,0.104846143025013,0.001969,-0.003717,0.00363476197152014,-0.00166576197152014
1954-12-31,2.52808299831247,0.134620323854979,0.118143745978506,0.0354015724138929,0.109140458686472,0.002068,-0.003731,0.00178216316521149,0.000285836834788506
1955-03-31,2.57660377775567,0.0295330961320217,0.0191927161709433,0.0261741431682019,0.110465100856356,0.002576,0,0.00177518539192973,0.000800814608070271
1955-06-30,2.8876263391631,0.131615386823545,0.120710279202628,0.026245069085043,0.112277710427197,0.003301,0,0.00363476197152014,-0.000333761971520137
1955-09-30,3.05766724377076,0.068889503235894,0.0588860484826246,0.0286044402496807,0.116425224916819,0.004226,0.00749,0.00363476197152014,0.000591238028479862
1955-12-30,3.18009541819463,0.054355251425299,0.0400397311621399,0.0436414092376125,0.124665061740538,0.005361,-0.003717,0.00736787067726448,-0.00200687067726448
1956-03-29,3.38979821833047,0.0755605610554515,0.0659422981260394,0.0286459041294126,0.127136822701749,0.00567,0,0.00178216316521149,0.00388783683478851
1956-06-29,3.2810310153027,-0.0224000168618725,-0.0320866305373604,0.0318978511753714,0.132789604792077,0.006065,0.014924,0.00363476197152014,0.00243023802847986
1956-09-28,3.15997240430164,-0.0278154851449097,-0.0368965152832867,0.0310857145167831,0.13527087905918,0.005189,0.007353,0.0110730682898818,-0.00588406828988177
1956-12-31,3.2494498637031,0.0411392857783479,0.0283158989868559,0.0393133587376499,0.130942828559217,0.007075,0.007299,0.00729958818157864,-0.000224588181578641
1957-03-29,3.07465854664078,-0.0418559140051669,-0.0537910490679561,0.038203388257476,0.14050031268728,0.007304,0.007246,0.00727267391320612,3.13260867938819e-05
1957-09-30,2.96360200641048,-0.0953081328212563,-0.104202548424439,0.030952410533016,0.140014530370549,0.00806,0.007117,0.00901312993462925,-0.000953129934629251
1957-12-31,2.77173621764396,-0.0528728037312945,-0.0647407406094004,0.0360143353514365,0.136715506984336,0.007862,0.003534,0.00718196286054317,0.000680037139456828
1958-03-31,2.92020926362478,0.064835690366654,0.0535668022936986,0.0305823840615758,0.129094502788436,0.00437,0.014084,0.00539615131278857,-0.00102615131278857
1958-06-30,3.13668636021148,0.085091179024964,0.0741306793602832,0.0313020315921934,0.128851161538222,0.002231,0.003472,0.0106544018929759,-0.00842340189297586
1958-09-30,3.47200547788775,0.116777269789566,0.106902341888484,0.0298511101959154,0.127749861201121,0.002806,0,0.00536524974539789,-0.00255924974539789
1958-12-31,3.83262524380641,0.113954198911356,0.103864976082367,0.0335848491067791,0.125320374956464,0.004671,0,0.00363476197152014,0.00103623802847986
1959-03-31,3.86500791669812,0.0164803465425671,0.00844921452835679,0.0306860030938365,0.125423993988724,0.006098,0,0.00363476197152014,0.00246323802847986
1959-06-30,4.07950142447232,0.0638596582248463,0.0554962660871952,0.0322529200911127,0.126374882487644,0.006664,0.00692,0.00363476197152014,0.00302923802847986
1959-09-30,3.96294052964738,-0.0211313314946606,-0.0285723383072525,0.0313198106248596,0.127843582916588,0.006984,0.006873,0.00708377562222119,-9.97756222211902e-05
1959-12-31,4.17010591147702,0.0618465441716947,0.0522756726425264,0.0370714037293695,0.131330137539178,0.008116,0.003413,0.00706035024048955,0.00105564975951045
1960-03-31,3.85050681348552,-0.0688345386515981,-0.0766405229929289,0.0327807086500392,0.133424843095381,0.009451,0,0.00533584341513902,0.00411515658486098
1960-06-30,3.96628872323412,0.0390295868606858,0.0300692649972989,0.0338602764957885,0.135032199500057,0.006577,0.006803,0.00363476197152014,0.00294223802847986
1960-09-30,3.73121845638132,-0.0513738838288096,-0.0592670587685118,0.0326044408994478,0.136316829774645,0.004547,0,0.00702546137408072,-0.00247846137408073
1960-12-30,4.05142021003123,0.0959867029355943,0.0858169408714964,0.0363544698739728,0.135599895919248,0.00501,0.006757,0.00363476197152014,0.00137523802847986
1961-03-30,4.55048925620346,0.131528222422995,0.123183728248317,0.0329814896523003,0.135800676921509,0.005611,0,0.00700253440472635,-0.00139153440472635
1961-06-30,4.52072293075091,0.000771765115260337,-0.00654134616667168,0.0338540763476771,0.135794476773398,0.005538,0,0.00363476197152014,0.00190323802847986
1961-09-29,4.66692407814381,0.039578247697964,0.0323402140835514,0.0331592283403742,0.136349264214324,0.004867,0.006711,0.00363476197152014,0.00123223802847986
1961-12-29,4.99765157171179,0.0797219174890149,0.070866268237969,0.0408720107534001,0.140866805093752,0.005402,0,0.00697960743537198,-0.00157760743537198
1962-03-30,4.85677908524847,-0.0213078720640828,-0.0281877366682978,0.0343539029880787,0.14223921842953,0.006357,0.003333,0.00363476197152014,0.00272223802847986
1962-06-29,3.82179913780554,-0.206304780600212,-0.213100066788395,0.0356031504948739,0.143988292576727,0.006525,0.003322,0.00529597042495751,0.00122902957504249
1962-09-28,3.9229385966488,0.0351591689190773,0.0264638342300041,0.0345292362598707,0.145358300496223,0.006995,0.006622,0.00529048788880755,0.00170451211119245
1962-12-31,4.40595928214937,0.134839982233286,0.123127261261034,0.0445343544957129,0.149020644238536,0.00709,0,0.00693524873379505,0.000154751266204953
1963-03-29,4.64461628667945,0.0624537224217341,0.054166865657836,0.0355989680469496,0.150265709297407,0.00705,0.003289,0.00363476197152014,0.00341523802847986
1963-06-28,4.83801980230684,0.049807459733836,0.0416403646049432,0.0384581667021391,0.153120725504672,0.007391,0.003279,0.00527404028035768,0.00211695971964232
1963-09-30,4.9982097142435,0.0406094398792176,0.0331106358556612,0.0362592884217669,0.154850777666569,0.008044,0.003268,0.00526905615658499,0.00277494384341502
1963-12-31,5.23325182109997,0.0570334272839648,0.0470252591016078,0.0489700771143103,0.159286500285166,0.008663,0.006515,0.00526357362043503,0.00339942637956497
1964-03-31,5.52261713655886,0.0628772931661294,0.0552935966681722,0.0390550328124673,0.162742565050684,0.008826,0,0.00688191860942727,0.00194408139057273
1964-06-30,5.70971726327197,0.0416130599465923,0.0338788878690401,0.0420012293524823,0.166285627701027,0.008635,0.003236,0.00363476197152014,0.00500023802847986
1964-09-30,5.88350711983394,0.0376831449262092,0.030437559085434,0.0404455076079388,0.170471846887199,0.008289,0.003227,0.00524762442436242,0.00304137557563758
1964-12-31,5.92326480454543,0.0156391207727382,0.00675748051319114,0.0520160715038064,0.173517841276695,0.008979,0.003215,0.005243138712967,0.003735861287033
1965-03-31,6.03473558963144,0.0259820830202986,0.0188191459886213,0.0428200295268352,0.177282837991063,0.00963,0.003205,0.00523715776443977,0.00439284223556023
1965-06-30,5.89288293891645,-0.0160190997144717,-0.0235060258412491,0.0469668903007467,0.182248498939327,0.009813,0.009584,0.00523217364066709,0.00458082635933292
1965-09-30,6.30338289471745,0.0772274618429827,0.0696602936213215,0.0432840652506555,0.185087056582044,0.009672,0,0.00841154619526564,0.00126045380473436
1965-12-31,6.4695366660359,0.0354874018788425,0.0263594603237081,0.0570581695112513,0.190129154589489,0.00993,0.00633,0.00363476197152014,0.00629523802847986
1966-03-31,6.22981741446145,-0.0299947389314612,-0.0370535424635491,0.0465767257952591,0.193885850857913,0.010946,0.009434,0.00678971231963252,0.00415628768036748
1966-06-30,5.91888333774534,-0.0420471853815544,-0.0499106243458001,0.0498467476712536,0.19676570822842,0.011396,0.009346,0.0083367843386753,0.0030592156613247
1966-09-30,5.34759808848364,-0.0886362673775554,-0.0965190926502222,0.047287573065526,0.20076921604329,0.011903,0.009259,0.00829292404947563,0.00361007595052437
1966-12-30,5.61506903399711,0.0604440333508505,0.0500170246693534,0.0556785146647572,0.199389561196796,0.011999,0.006116,0.00824956217265324,0.00374943782734676
1967-03-31,6.3060128369913,0.132053478010257,0.123051702269515,0.0488673190928281,0.201680154494365,0.011406,0.00304,0.00668305207089696,0.00472294792910304
1967-06-30,6.34260821611887,0.0137441440826234,0.00580325160660955,0.0495243970057585,0.20135780382887,0.009172,0.00909,0.00514993559841771,0.00402206440158229
1967-09-29,6.76463258356377,0.0744573669281237,0.0665379845427605,0.0488835437447106,0.202953774508054,0.009601,0.009009,0.00816533048089479,0.00143566951910521
1967-12-29,6.74396640670647,0.00531557818663742,-0.00305503315989653,0.0552884698258139,0.202563729669111,0.010668,0.008928,0.008124959078336,0.002543040921664
1968-03-29,6.29781508916295,-0.0586084829620001,-0.0661556257308538,0.0507744988901355,0.204470909466419,0.011806,0.0118,0.00808458767577722,0.00372141232422278
1968-06-28,6.95393253207314,0.112768796826598,0.104181757263597,0.05348172379089,0.20842823625155,0.013431,0.011661,0.00951602802329361,0.00391497197670639
1968-09-30,7.16466372191654,0.0379838966673758,0.030303887601937,0.051543101068341,0.21108779357518,0.013529,0.011527,0.00944674870285323,0.00408225129714677
1968-12-31,7.24525630807744,0.0192442778240538,0.0112486209107578,0.0585963297408397,0.214395653490206,0.013157,0.011396,0.00937996144429919,0.00377703855570081
1969-03-28,7.07240892488815,-0.0164282235961327,-0.0238566278182022,0.0526224683405805,0.216243622940651,0.014516,0.016902,0.00931466942287696,0.00520133057712304
1969-06-30,6.80912127617766,-0.0290962660305538,-0.037227435730416,0.060225667736361,0.222987566886122,0.015288,0.013851,0.0120589279721197,0.00322907202788027
1969-09-30,6.48996707151306,-0.0391530006400177,-0.0468715700190553,0.053225569362539,0.22467003518032,0.017366,0.013661,0.0105382718090722,0.0068277281909278
1969-12-31,6.42614209059423,-0.00081842421024636,-0.00983440751170817,0.0597816481687389,0.225855353608219,0.017176,0.016172,0.0104435734573911,0.0067324265426089
1970-03-31,6.25833133864987,-0.0176159078867885,-0.0261137630601073,0.0539434579356255,0.227176343203264,0.017592,0.013263,0.0116950869367134,0.00589691306328659
1970-06-30,5.07467329094791,-0.180895050108905,-0.189133170433466,0.0541117197552672,0.221062395222171,0.016468,0.015706,0.0102452053312381,0.00622279466876193
1970-09-30,5.8723968039159,0.16824103733589,0.157197018848673,0.0539036290254163,0.221740454885048,0.015015,0.010309,0.0114628267689061,0.00355217323109392
1970-12-31,6.43666097204243,0.106180562482933,0.0960875409083832,0.055599626450982,0.217558433167291,0.013287,0.015306,0.00877289516878562,0.00451410483121438
1971-03-31,7.01271086841908,0.0979990953977166,0.0894951433481921,0.0529320971623205,0.216547072393986,0.010078,0.005025,0.0112634618179985,-0.00118546181799851
1971-06-30,6.96499348573371,0.000876949678859651,-0.00680441324057179,0.0540658161962183,0.216501168834937,0.009466,0.015,0.00613928416729655,0.00332671583270345
1971-09-30,6.87287117268396,-0.00554264847939667,-0.0132264751199619,0.0534270960798862,0.216024635889407,0.012399,0.004926,0.0111109476305542,0.00128805236944579
1971-12-31,7.13902607687597,0.0472506259751651,0.0387254318471495,0.054561755817458,0.214986765255883,0.01055,0.007353,0.00608994134194693,0.00446005865805307
1972-03-30,7.49656723069974,0.0575657735025472,0.0500826233121465,0.0528236027242897,0.214878270817852,0.008121,0.007299,0.00729958818157864,0.00082141181842136
1972-06-30,7.49402945286294,0.00690295649325723,-0.000338525322150285,0.0550754377343171,0.215887892355951,0.008729,0.007246,0.00727267391320612,0.00145632608679388
1972-09-29,7.73508431678297,0.0393806852948724,0.0321662552083966,0.0538806424329645,0.216341438709029,0.009649,0.009593,0.00724625805721086,0.00240274194278914
1972-12-29,8.26434058205062,0.0762284402386557,0.0684228178507778,0.0591429030693039,0.220922585960875,0.011862,0.009501,0.00841603190666106,0.00344596809333894
1973-03-30,7.78867751264654,-0.0510418270594156,-0.0575560826277147,0.0542475204414382,0.222346503678024,0.013497,0.018823,0.00837017796795232,0.00512682203204768
1973-06-29,7.2778285001948,-0.0583563166549185,-0.0655886717125305,0.0566997728687478,0.223970838812454,0.015559,0.020785,0.0130163781488534,0.00254262185114664
1973-09-28,7.57496957517394,0.0488368263099106,0.040828260101373,0.0566046763403715,0.226694872719861,0.02028,0.022624,0.013994263233055,0.00628573676694498
1973-12-31,6.81908132876186,-0.0908922974853934,-0.0997876280440001,0.0678829083174047,0.235434877967962,0.01947,0.022124,0.0149108435948526,0.00455915640514741
1974-03-29,6.57187920329669,-0.0278281214289773,-0.0362515291352384,0.058498473711837,0.239685831238361,0.017875,0.034633,0.0146616374062181,0.00321336259378187
1974-06-28,6.01506290366778,-0.0755341613537713,-0.0847271050492828,0.0613614731659345,0.244347531535548,0.022239,0.025104,0.0208962778334753,0.00134272216652472
1974-09-30,4.44215071335004,-0.252154278016582,-0.261495551336401,0.0631723247691725,0.250915179964349,0.020835,0.032653,0.0161469062904796,0.00468809370952044
1974-12-31,4.79641069232488,0.0946554470680736,0.0797496532276984,0.067893251307178,0.250925522954122,0.017502,0.025692,0.0199094213264828,-0.00240742132648278
1975-03-31,5.82632592437907,0.228211331856629,0.214726239707173,0.0627974936038062,0.255224542846091,0.013789,0.015416,0.0164399727683137,-0.0026509727683137
1975-06-30,6.65788654625016,0.154134624698095,0.142724700379632,0.0634343899295502,0.257297459609707,0.013552,0.017078,0.0113182871794981,0.00223371282050191
1975-09-30,5.86535559934933,-0.109806463248152,-0.119036415143961,0.0633135980074081,0.257438732847942,0.015278,0.018657,0.0121466485505191,0.00313135144948094
1975-12-31,6.30084999097203,0.0853944735943342,0.0742485914530078,0.0654648291127516,0.255010310653516,0.014363,0.016484,0.0129336416942267,0.00142935830577328
1976-03-31,7.1803408588882,0.150046476604955,0.13958289265358,0.0643117233522969,0.256524540402007,0.012247,0.007207,0.0118505915984213,0.000396408401578684
1976-06-30,7.29175121490284,0.0255352060976548,0.0155160260778895,0.0695059057296674,0.262596056202124,0.013066,0.016101,0.00722681997449738,0.00583918002550262
1976-09-30,7.35717629604562,0.0186693719068127,0.00897247851916072,0.0693074502570658,0.268589908451782,0.013116,0.014085,0.0116596996579273,0.00145630034207269
1976-12-31,7.50541656653781,0.0314023447582326,0.0201490714001062,0.0791652666947922,0.282290346033822,0.01216,0.010416,0.0106549003053531,0.00150509969464687
1977-03-31,6.86058659665146,-0.0762109378326286,-0.0859152805403584,0.0737544952198283,0.291733117901354,0.010901,0.022337,0.0088262252931534,0.0020747747068466
1977-06-30,7.00173940148418,0.0326538094017974,0.0205744513015267,0.0798432699018183,0.302070482073505,0.011731,0.020167,0.0147677992425764,-0.00303679924257641
1977-09-30,6.725548324789,-0.0283750260318049,-0.0394460663069852,0.0776658729093352,0.310428904725774,0.013254,0.011532,0.0136862443839028,-0.000432244383902814
1977-12-30,6.62784477074389,-0.00124273269554176,-0.0145272250420082,0.088455376411852,0.319719014442834,0.014673,0.0114,0.00938245350618553,0.00529054649381447
1978-03-31,6.20547925824978,-0.0510360085592785,-0.0637259210352179,0.0825217017735631,0.328486220996569,0.01541,0.020934,0.00931666307238603,0.00609333692761397
1978-06-30,6.65049262155306,0.0856029849408111,0.0717129724850278,0.0872590759201761,0.335902027014926,0.016488,0.028391,0.0140685266772681,0.00241947332273191
1978-09-29,7.14260084932148,0.0868909213613696,0.0739957557690656,0.0857030584410837,0.343939212546675,0.017203,0.019939,0.0177851877745626,-0.000582187774562565
1978-12-29,6.69046484024385,-0.0496539069683207,-0.0633013125912784,0.0956225545730805,0.351106390707903,0.022071,0.018046,0.0135726063618855,0.00849839363811451
1979-03-30,7.06939911436741,0.0709214154881654,0.0566379591212014,0.0917868648044998,0.36037155373884,0.024328,0.031019,0.0126291117317154,0.0116988882682846
1979-06-29,7.15943664165635,0.0271063197849393,0.0127362348386795,0.098560903534909,0.371673381353573,0.024709,0.035817,0.0190950155020253,0.00561398449797466
1979-09-28,7.60725847627223,0.076183255848723,0.0625498704758809,0.0964690613670042,0.382439384279493,0.023835,0.031812,0.0214863980881617,0.0023486019118383
1979-12-31,7.51228804974365,0.00179904215739946,-0.0124841855741855,0.10583815729201,0.392654986998423,0.030003,0.028151,0.0194902565171996,0.0105127434828004
1980-03-31,7.11885566860915,-0.0396877880661836,-0.0523718444406457,0.103332278990905,0.404200401184828,0.030941,0.044329,0.017665568804018,0.013275431195982
1980-06-30,7.95646382378763,0.133012806943042,0.117660505307327,0.105772939374905,0.411412437024824,0.027293,0.032459,0.0257288842434749,0.0015641157565251
1980-09-30,8.74433921756797,0.112813199406818,0.0990233112635797,0.107106352311134,0.422049727968954,0.020082,0.015719,0.0198127293252926,0.000269270674707393
1980-12-31,9.46428545660857,0.0950698807448214,0.0823328351208275,0.111215472297813,0.427427042974756,0.032288,0.027382,0.0114693061298106,0.0208186938701894
1981-03-31,9.48449521537314,0.0143781246932897,0.00213537079552673,0.11222677389283,0.436321537876682,0.034178,0.025492,0.0172822896858982,0.0168957103141018
1981-06-30,9.16213213493997,-0.0219452063904371,-0.0339884277563514,0.114840145285561,0.445388743787338,0.037001,0.023729,0.0163402902928599,0.0206607097071401
1981-09-30,8.11222845246167,-0.102562805386509,-0.114591632931649,0.115529818736189,0.453812210212393,0.037984,0.028698,0.0154615892717348,0.0225224107282652
1981-12-31,8.55067155151165,0.0685091455775628,0.0540471834119682,0.118706940393634,0.461303678308214,0.031782,0.008584,0.0179382003743841,0.0138437996256159
1982-03-31,7.82275279167704,-0.0713953244511938,-0.0851300106020233,0.118697289518716,0.4677741939341,0.027809,0.005318,0.0079131338179967,0.0198958661820033
1982-06-30,7.66414656304483,-0.00513064681213782,-0.0202749892340919,0.120317835650694,0.473251884299233,0.031925,0.026455,0.00628531899383635,0.0256396810061637
1982-09-30,8.43395711033581,0.116223799357093,0.100443087949658,0.118115831320871,0.475837896883916,0.023851,0.009278,0.0168202614121699,0.0070307385878301
1982-12-31,9.86677891480649,0.184436544989463,0.169887252890432,0.120009991448544,0.477140947938825,0.019084,-0.003065,0.00825903200782135,0.0108249679921787
1983-03-31,10.7215962505067,0.0996010006574566,0.0866359065183293,0.124111061505773,0.482554719925882,0.019501,0.003073,0.00210712803519084,0.0173938719648092
1983-06-30,11.7664105227217,0.109144549289158,0.0974495073124655,0.122303308142514,0.484540192417702,0.021312,0.016343,0.00516638320686758,0.0161456167931324
1983-09-30,11.6186672131372,-0.00198839977060916,-0.0125563619677611,0.122937599802009,0.48936196089884,0.02304,0.01206,0.0117803154532264,0.0112596845467736
1983-12-30,11.5453866678242,0.00461649085429272,-0.00630713867336974,0.127013529783594,0.49636549923389,0.021828,0.005958,0.00964561524138353,0.0121823847586165
1984-03-30,11.1777722382558,-0.021158074974919,-0.0318408070812285,0.122601912420545,0.494856350148662,0.022863,0.012833,0.00660430291528847,0.0162586970847115
1984-06-29,10.7648724848506,-0.0248446750334306,-0.0369393600624714,0.134083786724685,0.506636828730832,0.023747,0.010721,0.0100308880090124,0.0137161119909876
1984-09-28,11.6785379567757,0.0970550749113805,0.0848747138631596,0.128855330652444,0.512554559581267,0.02522,0.012536,0.00897824106822042,0.0162417589317796
1984-12-31,11.7577635875413,0.0188460123338385,0.00678386550258447,0.138780553574562,0.524321583372235,0.024214,0.002857,0.00988285953296355,0.0143311404670365
1985-03-29,12.6980513451489,0.091428321915912,0.0799716502723316,0.134408491921685,0.536128162873375,0.018783,0.010446,0.00505872613337749,0.0137242738666225
1985-06-28,13.5197688431388,0.0758132910513576,0.0647120944509181,0.13803591608527,0.54008029223396,0.019295,0.011278,0.00884117766447147,0.0104538223355285
1985-09-30,12.8083056242048,-0.0426955869817035,-0.052623918884163,0.137664764232023,0.548889725813539,0.018146,0.006506,0.00925585676235922,0.00889014323764078
1985-12-31,14.8876582748621,0.17415126281718,0.162344084507775,0.144011487264047,0.554120659503024,0.018428,0.009233,0.00687743289803185,0.0115505671019682
1986-03-31,16.8533435319537,0.141978522433123,0.132034549745855,0.140352502291656,0.560064669872996,0.016211,-0.004575,0.00823660345084424,0.00797439654915576
1986-06-30,17.6751268803387,0.0576327833746426,0.0487608495505329,0.146271513081754,0.56830026686948,0.015601,0.006434,0.00135452534551475,0.0142464746544853
1986-09-30,16.2666497404555,-0.0716973885584998,-0.0796869606322286,0.147712206228222,0.578347708865679,0.014477,0.006392,0.00684154720686849,0.00763545279313151
1986-12-31,16.952554517511,0.0530288005418691,0.0421663211539895,0.179276503592299,0.613612725193932,0.012955,0.002722,0.00682061388702319,0.00613438611297681
1987-03-31,20.4222546312357,0.21375385744865,0.204671225810877,0.150271129967617,0.623531352869892,0.013532,0.014479,0.00499144046244619,0.00854055953755381
1987-06-30,21.2681180016985,0.0501404591632137,0.0414187064913514,0.171641284514116,0.648901124302254,0.013133,0.012489,0.0108512747819971,0.00228172521800291
1987-09-30,22.5206995626476,0.0669659083386347,0.0588948002286371,0.172770427798045,0.673959345872077,0.013684,0.013216,0.00985943415123191,0.00382456584876809
1987-12-31,17.2309172450939,-0.226777234104567,-0.234885346382723,0.177201937516048,0.671884779795826,0.012443,0.003478,0.0102217799495064,0.00222122005049357
1988-03-31,18.043847233093,0.0584928873149986,0.04717856724839,0.198334221418447,0.719947871246655,0.011773,0.009532,0.0053682402196615,0.0064047597803385
1988-06-30,19.0773030044935,0.0671756120228577,0.0572746908156676,0.172435442727527,0.720742029460067,0.01453,0.012875,0.00838562875164766,0.00614437124835234
1988-09-30,18.9609042393354,0.00436498636364968,-0.00610142666029256,0.195288364537159,0.74325996619918,0.01726,0.015254,0.0100518213288577,0.00720817867114228
1988-12-30,19.3084164183267,0.0309283982682813,0.018327827333801,0.236703269024372,0.802761297707505,0.018232,0.005844,0.0112375443743805,0.00699445562561948
1989-03-31,20.4599471272462,0.0695475413929378,0.0596387960550968,0.189477223344193,0.793904299633251,0.018198,0.014938,0.00654748390427981,0.0116505160957202
1989-06-30,22.0657920066634,0.0887069205051274,0.0784872448315748,0.208464097670468,0.829932954576193,0.022124,0.014717,0.0110800460631635,0.0110439539368365
1989-09-29,24.2231031325825,0.107242600144875,0.0977672192898242,0.20885188739046,0.843496477429494,0.020246,0.007252,0.0109698969277871,0.0092761030722129
1989-12-29,24.4736884563328,0.0189303324754937,0.0103448894379341,0.203770874737687,0.810564083142809,0.019223,0.008801,0.00724924853147448,0.0119737514685255
1990-03-30,23.5394851841743,-0.0300646405075083,-0.0381717399821169,0.194026145670657,0.815113005469272,0.018159,0.020619,0.00802128930386406,0.0101377106961359
1990-06-29,24.809756010396,0.0632974997600586,0.0539634072828263,0.21624937723923,0.822898285038034,0.019253,0.009324,0.0139115267784284,0.00534147322157162
1990-09-28,21.166721589645,-0.139165783174512,-0.146838784679077,0.202203689674145,0.816250087321719,0.01896,0.021555,0.00828195897717572,0.0106780410228243
1990-12-31,22.8538807020143,0.0904184742442611,0.0797080976959008,0.218938597368858,0.831417809952889,0.018309,0.00829,0.0143780407635521,0.0039309592364479
1991-03-28,26.0117369746147,0.147057776902344,0.138175932296786,0.196224258331463,0.833615922613696,0.013858,0.008969,0.00776660057907964,0.00609139942092037
1991-06-28,25.7420410663428,-0.00211609664119083,-0.0103682390966463,0.219808321741091,0.837174867115556,0.014032,0.007407,0.00810502258324524,0.00592697741675476
1991-09-30,26.9079387319825,0.0534553364563479,0.045291578186629,0.211659121735725,0.846630299177137,0.014073,0.008824,0.00732650244995116,0.00674649755004884
1991-12-31,28.9326253961607,0.0836774897358308,0.0752449559345729,0.212318483498779,0.840010185307058,0.012001,0.005102,0.00803275278854125,0.00396824721145875
1992-03-31,28.0055330288762,-0.0250776971745207,-0.0320431469522837,0.203678131082033,0.847464058057628,0.009292,0.010153,0.00617766192034626,0.00311433807965374
1992-06-30,28.2920985465613,0.0180677281481629,0.0102324607565829,0.221476148252949,0.849131884569486,0.009291,0.006461,0.00869514283793167,0.000595857162068333
1992-09-30,28.952403653739,0.0310260888287315,0.0233388522272728,0.216680315210854,0.854153078044616,0.008092,0.007846,0.00685500434105475,0.00123699565894525
1992-12-31,30.2610934072872,0.0526505788012013,0.0452014198613586,0.212373974599984,0.85420856914582,0.006918,0.004247,0.00754530548357223,-0.000627305483572228
1993-03-31,31.3283787752292,0.042551755867231,0.0352692268444283,0.216937996146705,0.867468434210492,0.007099,0.01198,0.00575151933778132,0.00134748066221868
1993-06-30,31.2431189776383,0.00456595485423694,-0.00272148770297598,0.226733414725857,0.8727257006834,0.007314,0.005572,0.00960574225120202,-0.00229174225120202
1993-09-30,31.7970992960648,0.0248364052028605,0.0177312744871276,0.221588920134011,0.877634305606556,0.007306,0.004848,0.00641191573766266,0.000894084262337339
1993-12-31,32.3365385998817,0.023842729587731,0.0169650476225578,0.217126174135762,0.882386505142335,0.006966,0.004824,0.00605106517651995,0.00091493482348005
1994-03-31,30.8847155427562,-0.0383288907469617,-0.0448972932783459,0.220003633809132,0.885452142804762,0.007109,0.009601,0.0060391032794655,0.0010698967205345
1994-06-30,30.7738870850369,0.00384663837939891,-0.00358845648314077,0.232898127027896,0.891616855106802,0.009006,0.005435,0.00842001920567921,0.000585980794320786
1994-09-30,32.0809687911422,0.0496621756123925,0.0424737278879828,0.223089505310382,0.893117440283173,0.010131,0.00946,0.00634363324197682,0.00378736675802318
1994-12-30,31.8554671079196,0.000290023285528074,-0.00702914194052928,0.234354557905915,0.910345824053326,0.012009,0.002008,0.00834974306048429,0.00365925693951571
1995-03-31,34.7356048590791,0.0975252447199519,0.0904126673579198,0.220129945842541,0.910472136086734,0.012323,0.011356,0.00463557402507617,0.00768742597492384
1995-06-30,37.828289645887,0.096229074007081,0.0890350059932692,0.24365675746809,0.921230766526928,0.014589,0.007266,0.0092947329277862,0.0052942670722138
1995-09-29,40.6344273479042,0.0806772297034986,0.0741809298883354,0.23866313902222,0.936804400238767,0.013529,0.00459,0.00725622630475624,0.00627277369524376
1995-12-29,42.774048185101,0.0589439759057662,0.0526553707494821,0.249889778954782,0.952339621287634,0.013767,0.001958,0.00592247478318456,0.00784452521681544
1996-03-29,44.8933322384985,0.0553198847644063,0.0495460248285691,0.24473215237416,0.976941827819252,0.012178,0.014332,0.00461065340621272,0.00756734659378728
1996-06-28,46.6601192751233,0.0450685218811393,0.0393552215558139,0.254287460426535,0.987572530777697,0.012614,0.006423,0.0107780081625386,0.00183599183746144
1996-09-30,47.8392394071532,0.0312313755635334,0.0252704054414736,0.266367617804697,1.01527700956017,0.01305,0.00702,0.00683606467071853,0.00621393532928147
1996-12-31,51.5585649564607,0.0834002851088016,0.0777463353389225,0.268831084091974,1.03421831469737,0.012644,0.00507,0.00713361685994808,0.00551038314005192
1997-03-31,52.6721449629872,0.0264065640990583,0.0215983514565781,0.25427854500949,1.0437647073327,0.012161,0.008828,0.00616171272427365,0.00599928727572635
1997-06-30,61.6135475496866,0.175008336480495,0.169755809128004,0.264254048876331,1.05373129578249,0.012371,0.001875,0.00803474643805032,0.00433625356194968
1997-09-30,66.0136550877521,0.076016627614393,0.0714146111213139,0.278567826025044,1.06593150400284,0.012984,0.005615,0.0045692851788994,0.0084147148211006
1997-12-31,67.6796561311513,0.0295619949979729,0.0252372185903749,0.278866827572913,1.07596724748378,0.012363,0.00062,0.00643334746988523,0.00592965253011478
1998-03-31,76.9099835977387,0.140503002498993,0.136382599945553,0.2652053565795,1.08689405905379,0.012588,0.005579,0.00394377764542688,0.00864422235457312
1998-06-30,79.2376256178612,0.0341013943498805,0.0302644976794784,0.288408279239859,1.11104828941732,0.012183,0.004933,0.00641540462430354,0.00576759537569646
1998-09-30,71.1643295804933,-0.0981994018955613,-0.101887152402862,0.292449703704322,1.12493016709659,0.011806,0.003681,0.00609343022858781,0.00571256977141219
1998-12-31,86.2184435318027,0.215715169024634,0.211540164012673,0.281694050268713,1.12775738979239,0.010401,0.001834,0.0054694179322471,0.0049315820677529
1999-03-31,90.1419792576305,0.0488474116361779,0.0455069189967521,0.283336308014378,1.14588834122727,0.010982,0.006712,0.00454885027143137,0.00643314972856863
1999-06-30,96.0022509907773,0.068697631863178,0.0650115715386923,0.321621474576156,1.17910153656357,0.011388,0.007273,0.00698010584774925,0.00440789415225075
1999-09-30,89.7322413872905,-0.0621528323118788,-0.0653110686340995,0.309225194925314,1.19587702778456,0.011281,0.010229,0.00725971519139713,0.00402128480860287
1999-12-31,103.285226717987,0.154383236770777,0.15103807863442,0.287036147281776,1.20121912479762,0.011198,0.002383,0.00873302217860411,0.00246497782139589
2000-03-31,105.640830438566,0.0257730062540997,0.0228067826874305,0.289232158299279,1.20711497508252,0.013072,0.017231,0.00482247866655202,0.00824952133344798
2000-06-30,102.358416972642,-0.028359973303827,-0.031071447018136,0.282668731468313,1.16816223197468,0.013178,0.00701,0.0122229056442412,0.000955094355758789
2000-09-29,101.500128299274,-0.00564210377169971,-0.00838513039525868,0.287142330621066,1.14607936767043,0.014941,0.00754,0.00712863273617539,0.00781236726382461
2000-12-29,93.4258791560044,-0.0768149507050049,-0.0795491520903596,0.282030068905737,1.1410732892944,0.015168,0.001728,0.00739279129612793,0.00777520870387207
2001-03-30,81.843872480439,-0.121308277797874,-0.123970004673175,0.267317099808781,1.1191582308039,0.013274,0.012644,0.00449601855944086,0.00877798144055914
2001-06-29,86.382535724299,0.0586350197571783,0.0554551380122525,0.264810192538234,1.10129969187382,0.009857,0.010215,0.00993668806970859,-7.96880697085927e-05
2001-09-28,73.4419501829914,-0.146723047904226,-0.149805576240655,0.287723258331534,1.10188061958429,0.00875,0.001685,0.00872604440532234,2.39555946776587e-05
2001-12-31,81.2157854028776,0.109821389653217,0.105850065262654,0.28416292868958,1.10401347936813,0.005397,-0.008973,0.0044745868272183,0.000922413172781702
2002-03-28,81.1669345075678,0.00278640869445068,-0.00060149507965146,0.269264075898001,1.10596045545735,0.004021,0.011885,-0.000837492289714045,0.00485849228971405
2002-06-28,69.9529672123098,-0.134799258061722,-0.13815930542766,0.286886984375268,1.12803724729438,0.004306,0.006152,0.00955839307536147,-0.00525239307536147
2002-09-30,57.8677989001663,-0.169063904881214,-0.172761339422022,0.278156984569786,1.11847097353263,0.004329,0.006114,0.00670099491647865,-0.00237199491647865
2002-12-31,62.4905556605466,0.0850204225485682,0.0798847865002679,0.303879219462933,1.13818726430599,0.003583,-0.000553,0.00668205524614243,-0.00309905524614243
2003-03-31,60.2385156705333,-0.0315387316228424,-0.0360380855348206,0.280335732567127,1.14925892097511,0.002828,0.018242,0.00335913992689041,-0.000531139926890415
2003-06-30,69.2787455711335,0.155048585016679,0.150073915334244,0.292936069029017,1.15530800562886,0.002829,-0.002715,0.0127268005576601,-0.00989780055766011
2003-09-30,70.8228163877234,0.0267366914052813,0.0222877998708055,0.308555462675091,1.18570648373417,0.00223,0.008165,0.00228157236723497,-5.157236723497e-05
2003-12-31,78.9815661072689,0.120496395047471,0.115199453166053,0.361827806883624,1.24365507115486,0.002258,-0.00486,0.00770429903192102,-0.00544629903192102
2004-03-31,80.1003827460772,0.0182680513315376,0.0141655413275645,0.326123044148487,1.28944238273622,0.002165,0.016821,0.0012124778179931,0.000952522182006902
2004-06-30,81.1444711454225,0.0172783674831798,0.0130347491928362,0.334416994370458,1.33092330807766,0.002217,0.012274,0.0120185565695609,-0.00980155656956095
2004-09-30,79.2688590716297,-0.0187720960332324,-0.0231144777619089,0.349467575945309,1.37183542134788,0.003223,0.001055,0.00975227549011909,-0.00652927549011909
2004-12-31,85.8831197077331,0.0917670927127225,0.0834408456683671,0.638852989743218,1.64886060420747,0.004348,0.002107,0.00416058702953887,0.000187412970461133
2005-03-31,83.7517242956413,-0.0203611722967244,-0.0248173962397407,0.385518394390269,1.70825595444925,0.005435,0.015765,0.00468491685042579,0.000750083149574209
2005-06-30,84.5569891776894,0.0142008796368318,0.009614905111752,0.38057212430034,1.75441108437913,0.006745,0.006207,0.0114922330991649,-0.00474723309916495
2005-09-30,87.2269607490742,0.0361545521954614,0.0315760009592352,0.385778409277018,1.79072191771084,0.008173,0.022108,0.00672840759722844,0.00144459240277156
2005-12-30,88.7063886884568,0.0219556137759125,0.016960672786003,0.432289214851233,1.58415814281886,0.00896,-0.010061,0.0146536628081818,-0.00569366280818182
2006-03-31,92.0240850379178,0.0422135937019616,0.0374008726824959,0.422880168787053,1.62151991721564,0.010488,0.015244,-0.00137976495618265,0.0118677649561827
2006-06-30,90.214975157962,-0.0150359792843401,-0.0196590911956401,0.428104310810607,1.66905210372591,0.01177,0.015516,0.0112325602506078,0.000537439749392167
2006-09-29,94.928502143722,0.0571333233287095,0.0522477224818478,0.429915111765728,1.71318880621462,0.012357,1e-06,0.011368128417225,0.000988871582775016
2006-12-29,100.689513454962,0.0659871986974665,0.0606878985883248,0.496281790656012,1.7771813820194,0.012406,-0.005421,0.00363526038389741,0.00877073961610259
2007-03-30,100.895219726805,0.00657712158527324,0.0020429761231826,0.454809308471717,1.80911052170406,0.012473,0.017602,0.000932868474345224,0.0115401315256548
2007-06-29,106.666232986949,0.0620168528458573,0.0571980840694961,0.488246064832565,1.86925227572602,0.012363,0.014609,0.012407816636208,-4.48166362079869e-05
2007-09-28,108.30582012774,0.0202731220644756,0.0153711919402943,0.5080721789529,1.94740934291319,0.011558,0.000663,0.0109160683910421,0.000641931608957945
2007-12-31,104.441387736169,-0.0307050792854637,-0.0356807453838842,0.545838790270528,1.99696634252771,0.009558,0.007415,0.00396520937764944,0.00559279062235056
2008-03-31,94.1534774303986,-0.0937549704794836,-0.0985041517425921,0.500995449873291,2.04315248392928,0.005634,0.016626,0.00733048974896931,-0.00169648974896931
2008-06-30,91.2509866189216,-0.0257521280437033,-0.0308272290168216,0.504057080116993,2.05896349921371,0.003725,0.024761,0.0119213661559935,-0.0081963661559935
2008-09-30,83.6052122228878,-0.0785716600834555,-0.0837884025075123,0.502985925000776,2.05387724526159,0.004258,-0.000147,0.0159759508450763,-0.0117179508450763
2008-12-31,64.794649881149,-0.218959428750049,-0.224992698919186,0.509604306873745,2.0176427618648,0.001049,-0.039102,0.0035614953520616,-0.0025124953520616
2009-03-31,57.4332001915696,-0.105578826091119,-0.11361199887772,0.502979543317982,2.0196268553095,0.000329,0.011801,-0.0158541588044499,0.0161831588044499
2009-06-30,66.0469158882501,0.156876077568547,0.149977986042032,0.390221641183518,1.90579141637602,0.000217,0.014029,0.00951652643567088,-0.00929952643567088
2009-09-30,75.720113412601,0.152440604232358,0.146459488596224,0.381953467744363,1.78475895911961,0.000314,0.001279,0.0106269892122261,-0.0103129892122261
2009-12-31,79.8859593491995,0.0606571297562566,0.0550163721216139,0.416085905513386,1.69124055775925,0.000106,-9.2e-05,0.00427223140204711,-0.00416623140204711
2010-03-31,83.8043943022415,0.054207925776498,0.0490503585982325,0.393026037223382,1.58128705166465,0.000106,0.007788,0.0035889080328114,-0.00348290803281139
2010-06-30,73.7524769913823,-0.115437652659249,-0.119944990886836,0.398925843181595,1.58999125366272,0.00035,0.001535,0.00751639756569063,-0.00716639756569063
2010-09-30,81.7030762377799,0.114170936477449,0.107801114901219,0.447135836797552,1.65517362271591,0.000393,0.002175,0.00439982497062796,-0.00400682497062796
2010-12-31,90.0293703296639,0.108320205990607,0.101909187209207,0.500477307279599,1.73956502448213,0.000366,0.003387,0.00471880889208008,-0.00435280889208008
2011-03-31,94.7407881034391,0.0572764143103077,0.0523320085048162,0.441937593713136,1.78847658097188,0.000255,0.019563,0.00532288469333003,-0.00506788469333003
2011-06-30,94.3649863291119,0.000955516784515886,-0.00396663128785557,0.472810310464143,1.86236104825443,0.000101,0.01009,0.0133852033080324,-0.0132842033080324
2011-09-30,80.892050254518,-0.138178408796115,-0.142774736676218,0.462532479236855,1.87775769069373,5.4e-05,0.00517,0.00866374285816372,-0.00860974285816372
2011-12-30,89.7731767543759,0.116415883901335,0.109789855392642,0.532818823638961,1.91009920705309,1.8e-05,-0.005365,0.00621155396200055,-0.00619355396200055
2012-03-30,100.593447802789,0.12634469523435,0.120528998077214,0.505720217242289,1.97388183058225,7.5e-05,0.016484,0.000960779567472284,-0.000885779567472284
2012-06-29,97.3652886983235,-0.02671265985336,-0.0320911468388536,0.532613692426061,2.03368521254417,0.000116,0.000376,0.0118505915984213,-0.0117345915984213
2012-09-28,102.976071336138,0.0634940059144486,0.0576261079572062,0.558401671084819,2.12955440439213,0.000149,0.008405,0.00382216502537326,-0.00367316502537326
2012-12-31,101.81105935505,-0.00420525170882602,-0.0113134242350821,0.727259420356009,2.32399500110918,0.000225,-0.007804,0.00782391800246556,-0.00759891800246556
2013-03-28,112.026010577659,0.106121998857878,0.100332432324336,0.572425679206704,2.39070046307359,0.000117,0.013815,-0.000254848220686656,0.000371848220686656
2013-06-28,114.65178621152,0.0290061472550904,0.0234389818964429,0.626650189564224,2.48473696021176,6.2e-05,0.00314,0.0105203289634905,-0.0104583289634905
2013-09-30,119.998844831088,0.0522777487208874,0.0466373773689253,0.637176819301019,2.56351210842795,2.6e-05,0.002762,0.0051997768361446,-0.0051737768361446
2013-12-31,132.074240279988,0.106498197278808,0.100629264105814,0.687309952498438,2.52356264057038,7.2e-05,-0.004697,0.00501137695753695,-0.00493937695753695
2014-03-31,133.724551739962,0.017637358408823,0.0124953318412109,0.668878548682648,2.62001551004633,8.5e-05,0.01392,0.00129371903548793,-0.00120871903548793
2014-06-30,139.868708845241,0.0512711869668645,0.0459463653108885,0.698429482688712,2.69179480317082,4.3e-05,0.008676,0.0105726622631038,-0.0105296622631038
2014-09-30,140.679230700962,0.0109675138104184,0.00579487622651453,0.72334824173147,2.77796622560127,2e-05,-0.001309,0.00795898775670545,-0.00793898775670545
2014-12-31,146.880006841678,0.0496631180711691,0.044077410075525,0.782536034429901,2.87319230753273,1.6e-05,-0.013523,0.0029823401696751,-0.0029663401696751
2015-03-31,147.641665708663,0.0105189320433818,0.00518558572649663,0.782857698686795,2.98717145753688,-1.6e-05,0.005566,-0.00310526860628771,0.00308926860628771
2015-06-30,147.172616183294,0.00197251171528134,-0.00317694549921543,0.768271539193379,3.05701351404154,2.8e-05,0.010668,0.00640892526339905,-0.00638092526339905
2015-09-30,137.061789871781,-0.0636320863525985,-0.0687004591867829,0.769212358748945,3.10287763105902,-1.6e-05,-0.002904,0.00895182521222517,-0.00896782521222517
2015-12-31,145.894170792356,0.0705284068168961,0.0644408695438525,0.842436826941618,3.16277842357074,9.6e-05,-0.005968,0.00218737242793114,-0.00209137242793114
2016-03-31,146.932005375234,0.013165591658348,0.00711361240303043,0.846629047910742,3.22654977279468,0.000432,0.006794,0.000660236903979114,-0.000228236903979114
2016-06-30,149.800626837578,0.0250379320383605,0.0195234622641807,0.805577576957146,3.26385581055845,0.000354,0.012119,0.0070209756626853,-0.0066669756626853
2016-09-30,154.715688918091,0.0383264912044003,0.0328106910116099,0.82577114850517,3.32041460031468,0.000555,0.001701,0.0096750215716424,-0.0091200215716424
2016-12-30,159.506831507188,0.0367193174170561,0.0309673997679265,0.871053225771288,3.34903099914434,0.000543,1.7e-05,0.0044825614252546,-0.0039395614252546
2017-03-31,168.455091613243,0.0613710607570981,0.0560995414522545,0.833143305564541,3.33554525679814,0.001075,0.009813,0.00364323498193371,-0.00256823498193371
2017-06-30,172.822999827779,0.031241792935105,0.0259292145622083,0.888370430796471,3.41833811063747,0.001769,0.004734,0.00852568262966023,-0.00675668262966023
2017-09-29,179.377612280901,0.0434910730168423,0.0379267369485179,0.946676871449291,3.53924383358159,0.002495,0.007609,0.00599424616551129,-0.00349924616551129
2017-12-29,190.660181704321,0.0680820432011058,0.0628984257285794,0.915788372443285,3.58397898025359,0.002552,-0.001196,0.00742718175015949,-0.00487518175015949
2018-03-29,188.286934369562,-0.00771026721117396,-0.0124475247717935,0.926027750689767,3.67686342537881,0.002457,0.012291,0.00303866076830649,-0.000581660768306487
2018-06-29,193.873209833671,0.0346889185258401,0.0296689490580617,0.935527419464467,3.72402041404681,0.004248,0.009758,0.00976074850053266,-0.00551274850053266
2018-09-28,207.780096165444,0.076809816469332,0.0717318619921934,0.973410245134752,3.75075378773227,0.00463,0.001786,0.00849826994891044,-0.00386826994891044
2018-12-31,178.531916234043,-0.136195978242831,-0.140765070722232,1.00974344807264,3.84470886336163,0.005626,-0.004777,0.00452492647732246,0.00110107352267754
