date,vwretd,vwretx,E,Real_E,cpi,tb3ms,tb1yr,inflation,exp_inflation,exp_inflation_ann,X,Pt,Dt,Rt,Dt_ann,vwretd_ann,vwretx_ann
3/31/1929,0.04523866,0.03641301,,,,,,,,,1.036413,1.036413,,0.045238659,,,
6/30/1929,0.05335318,0.044066,,,,,,,,,1.044066,1.0820835,0.009625354,0.053353179,,,
9/30/1929,0.07794552,0.06957769,,,,,,,,,1.0695777,1.1573724,0.009054691,0.077945523,,,
12/31/1929,-0.2846077,-0.293568,,,,,,,,,0.70643198,0.81760484,0.010370404,-0.28460771,,,
3/31/1930,0.169519,0.1578364,1.45,21.52096006,98.255821,,,,,,1.1578364,0.94665271,0.009551751,0.16951901,,,
6/30/1930,-0.1887617,-0.1974177,1.29,19.26019911,97.674477,,,,,,0.80258232,0.7597667,0.008194226,-0.1887617,,,
9/30/1930,-0.08473824,-0.09555202,1.13,17.07460633,96.511719,,,,0.000592463,0.002371958,0.90444797,0.68716943,0.00821595,-0.08473824,,,
12/31/1930,-0.1812226,-0.1926561,0.97,15.11214814,93.60466,,,,-0.002545221,-0.010142082,0.8073439,0.55478209,0.007856752,-0.1812226,0.036332331,-0.289004434,-0.321454558
3/31/1931,0.1062724,0.09252745,0.88,14.14941282,90.697754,,,-0.076922333,-0.012209634,-0.047951343,1.0925275,0.60611469,0.007625452,0.1062724,,,
6/30/1931,-0.1112667,-0.1235838,0.79,13.1229202,87.790779,,,-0.101190181,-0.012709881,-0.049878464,0.87641621,0.53120875,0.007465575,-0.1112667,,,
9/30/1931,-0.3367518,-0.3464837,0.7,11.70542333,87.209328,,,-0.096386129,-0.013244055,-0.051933052,0.65351629,0.34715354,0.005169671,-0.33675179,,,
12/31/1931,-0.1471666,-0.1641505,0.61,10.47990445,84.883713,,,-0.093167872,0.000223221,0.000893185,0.83584952,0.29016814,0.005896021,-0.14716659,0.02811745,-0.443873217,-0.476969199
3/31/1932,-0.06922325,-0.08536859,0.56,10.03322,81.395355,,,-0.102564822,-0.01036318,-0.040812787,0.91463143,0.26539689,0.004684863,-0.069223247,,,
6/30/1932,-0.3514124,-0.3663077,0.51,9.40614375,79.069824,,,-0.099337938,-0.018119723,-0.070532635,0.63369232,0.16817997,0.003953166,-0.35141239,,,
9/30/1932,0.7858669,0.7637775,0.46,8.610599254,77.907051,,,-0.106666078,-0.011380018,-0.044748921,1.7637775,0.29663205,0.003714995,0.78586692,,,
12/31/1932,-0.1461441,-0.159394,0.41,7.850420229,76.162811,,,-0.102739403,-0.00401971,-0.01598215,0.84060597,0.24935068,0.003930345,-0.14614411,0.018249045,-0.079449031,-0.140668315
3/31/1933,-0.1165853,-0.1301885,0.4175,8.31124871,73.255821,,,-0.099999982,-0.008085326,-0.03195118,0.86981148,0.21688809,0.003391967,-0.1165853,,,
6/30/1933,0.9170395,0.9009087,0.425,8.393934055,73.837273,,,-0.066176333,-0.016536517,-0.064523343,1.9009087,0.41228443,0.003498578,0.91703951,,,
9/30/1933,-0.09398053,-0.1009805,0.4325,8.218499337,76.744247,,,-0.01492553,0.007780409,0.031486732,0.89901948,0.37065175,0.002885979,-0.093980528,,,
12/31/1933,0.02590637,0.01524378,0.44,8.361016667,76.744247,,,0.007634119,0.023729105,0.098348604,1.0152438,0.37630188,0.003952108,0.025906369,0.013706869,0.574131248,0.509127221
3/31/1934,0.1042782,0.09411627,0.4525,8.533894831,77.325691,0.23999999,,0.05555695,0.003674426,0.014778911,1.0941162,0.41171798,0.003823953,0.1042782,,,
6/30/1934,-0.06621149,-0.07473294,0.465,8.704192724,77.907089,0.15000001,,0.05511872,0.007594426,0.030725512,0.92526704,0.38094908,0.003508434,-0.066211492,,,
9/30/1934,-0.06078538,-0.07148106,0.4775,8.806732629,79.069862,0.20999999,,0.030303444,0.007564709,0.030603918,0.92851895,0.35371843,0.004074509,-0.060785379,,,
12/31/1934,0.06542209,0.05365022,0.49,9.172160075,77.907089,0.23,,0.015152172,0.011368562,0.046255607,1.0536503,0.37269554,0.004163927,0.065422088,0.015359004,0.031842866,-0.009583637
3/31/1935,-0.08636016,-0.09693463,0.73,13.3654208,79.65126,0.15000001,,0.030074985,-0.00401971,-0.01598215,0.90306538,0.33656842,0.003941058,-0.086360157,,,
6/30/1935,0.1933417,0.1818953,0.81,14.83012445,79.65126,0.15000001,,0.022387834,0.015173406,0.062089044,1.1818953,0.39778861,0.003852497,0.1933417,,,
9/30/1935,0.1316765,0.121101,0.76,13.91468467,79.65126,0.2,,0.007352966,0.003674426,0.014778911,1.121101,0.44596124,0.004206813,0.1316765,,,
12/31/1935,0.1788206,0.1666265,0.76,13.81385362,80.23262,0.15000001,,0.029850056,0.003674426,0.014778911,1.1666265,0.52027017,0.005438096,0.1788206,0.016164295,0.454487054,0.395965777
3/31/1936,0.1057796,0.09681317,0.79,14.46394854,79.65126,0.2,,0,0.007451286,0.030139932,1.0968132,0.57063919,0.004664966,0.1057796,,,
6/30/1936,-0.009838375,-0.01913997,0.88,15.99498841,80.232658,0.2,,0.007299294,-0.000102434,-0.000409673,0.98086005,0.55971718,0.005307855,-0.009838375,,,
9/30/1936,0.09044933,0.07988635,0.94,16.84147643,81.395393,0.16,,0.021897118,0.007451534,0.030140945,1.0798863,0.60443091,0.005912282,0.090449333,,,
12/31/1936,0.1082297,0.09042774,1.02,18.27479357,81.395393,0.12,,0.014492522,0.011146918,0.04533875,1.0904278,0.65908825,0.010760055,0.1082297,0.021323199,0.323152614,0.2668192
3/31/1937,0.04394723,0.03584883,1.11,19.60717289,82.558174,0.38,,0.036495518,0.003674426,0.014778911,1.0358489,0.68271583,0.00533756,0.043947231,,,
6/30/1937,-0.1202656,-0.1297886,1.17,20.37997813,83.720955,0.36000001,,0.043477271,0.011041173,0.044901536,0.87021142,0.59410709,0.006501503,-0.1202656,,,
9/30/1937,-0.1046599,-0.1149077,1.22,20.9598089,84.883713,0.31,,0.04285648,0.010938152,0.044475716,0.88509232,0.52583963,0.006088291,-0.1046599,,,
12/31/1937,-0.2047007,-0.2241383,1.13,19.68322674,83.720917,0.11,,0.028570708,0.010837855,0.04406128,0.77586168,0.40797883,0.01022106,-0.20470069,0.028687409,-0.346043657,-0.380995189
3/31/1938,-0.1887744,-0.19824,0.97,17.25571525,81.976776,0.079999998,,-0.007042283,-0.003489251,-0.013884123,0.80176002,0.32710111,0.003861764,-0.18877441,,,
6/30/1938,0.3632021,0.3484384,0.77,13.69783582,81.976776,0.050000001,,-0.020833243,-0.007259424,-0.028723029,1.3484384,0.44107568,0.004829223,0.3632021,,,
9/30/1938,0.05229684,0.0431697,0.62,11.02942624,81.976776,0.079999998,,-0.03424611,0.003674426,0.014778911,1.0431697,0.4601168,0.00402576,0.05229684,,,
12/31/1938,0.1036879,0.09085327,0.64,11.46653714,81.395393,0.029999999,,-0.027777097,0.003674426,0.014778911,1.0908532,0.50191993,0.005905429,0.1036879,0.022937807,0.284359024,0.230259703
3/31/1939,-0.1446907,-0.1529794,0.71,12.8122054,80.81398,0.029999999,,-0.014184456,-2.19E-05,-8.78E-05,0.84702063,0.42513651,0.004160264,-0.14469071,,,
6/30/1939,0.009692519,-0.001123565,0.76,13.81385362,80.23262,0.029999999,,-0.021276221,-4.87E-05,-0.000194764,0.99887645,0.42465886,0.004598312,0.009692519,,,
9/30/1939,0.194464,0.1823817,0.81,14.4094117,81.976776,0.14,,0,-7.52E-05,-0.000300737,1.1823817,0.50210887,0.005130856,0.194464,,,
12/31/1939,-0.0127029,-0.0293438,0.9,16.12481786,81.395393,0.039999999,,0,0.014843541,0.060709279,0.97065622,0.48737511,0.008355544,-0.0127029,0.019794861,0.018434867,-0.02897844
3/31/1940,0.008645282,-0.00171287,0.99,17.73729964,81.395355,0.02,,0.00719399,-2.19E-05,-8.78E-05,0.99828714,0.48654029,0.005048305,0.008645282,,,
6/30/1940,-0.1683428,-0.1805575,1.04,18.50097305,81.976776,0.1,,0.021738739,0.003674178,0.01477791,0.81944251,0.3986918,0.005942944,-0.1683428,,,
9/30/1940,0.08143072,0.06725893,1.08,19.34978143,81.395393,0.050000001,,-0.007092045,0.007371049,0.029811795,1.067259,0.4255074,0.005650177,0.081430718,,,
12/31/1940,0.01955624,-0.000649484,1.05,18.67886702,81.976814,0.02,,0.007143168,-2.19E-05,-8.78E-05,0.99935049,0.42523104,0.008597685,0.019556239,0.02499697,-0.075104423,-0.127507715
3/31/1941,-0.04546243,-0.05832198,1.06,18.7239669,82.558174,0.11,,0.014286061,0.007371049,0.029811795,0.94167805,0.40043071,0.00546828,-0.04546243,,,
6/30/1941,0.01447471,-0.00205467,1.09,18.59899626,85.465111,0.12,,0.042552722,0.007344551,0.029703444,0.99794531,0.39960796,0.006618871,0.01447471,,,
9/30/1941,0.05026281,0.03549056,1.19,19.76743675,87.790657,0.1,,0.078570344,0.021646643,0.089438827,1.0354905,0.41379026,0.005903109,0.050262809,,,
12/31/1941,-0.1154478,-0.1379077,1.16,18.77183097,90.116295,0.33000001,,0.099290038,0.017617432,0.07235394,0.86209232,0.35672539,0.009293688,-0.1154478,0.026587945,-0.100387035,-0.161102126
3/31/1942,-0.07905951,-0.09309288,1.04,16.3039825,93.023193,0.25,,0.126759332,0.017253391,0.070820274,0.90690714,0.32351682,0.00500606,-0.079059511,,,
6/30/1942,0.04009988,0.02229076,0.98,15.08060675,94.767357,0.37,,0.108842613,0.020162744,0.083123146,1.0222907,0.33072823,0.00576155,0.040099882,,,
9/30/1942,0.08292617,0.06714846,0.94,14.28973758,95.930176,0.38,,0.092715094,0.013321999,0.054362339,1.0671484,0.35293612,0.005218134,0.082926169,,,
12/31/1942,0.1252431,0.1022125,1.03,15.28730266,98.255676,0.38,,0.090320857,0.010008238,0.040637961,1.1022125,0.38901061,0.008128331,0.1252431,0.025279432,0.167217583,0.090504397
3/31/1943,0.208639,0.1953576,1.07,15.60399041,99.999817,0.38,,0.074998759,0.016114216,0.066031677,1.1953576,0.46500677,0.005166606,0.208639,,,
6/30/1943,0.0833713,0.07084736,1.1,15.76648857,101.744,0.38,,0.07361863,0.01281259,0.052243775,1.0708474,0.4979513,0.005823717,0.083371297,,,
9/30/1943,-0.01171476,-0.02259695,1.08,15.56878966,101.16261,0.38,,0.054544193,0.012654839,0.051588358,0.97740304,0.4866991,0.005418801,-0.01171476,,,
12/31/1943,-0.01111074,-0.02808718,0.94,13.55061322,101.16261,0.38,,0.029585405,0.000698208,0.002795758,0.9719128,0.47302911,0.008262418,-0.01111074,0.024537455,0.279687417,0.215979961
3/31/1944,0.0468536,0.03528786,0.93,13.40645776,101.16261,0.38,,0.011627951,0.003674426,0.014778911,1.0352879,0.4897213,0.005470932,0.046853598,,,
6/30/1944,0.09233651,0.07916834,0.92,13.11159432,102.32537,0.38,,0.005714047,0.003674426,0.014778911,1.0791683,0.52849168,0.006448733,0.092336513,,,
9/30/1944,0.000619762,-0.009816551,0.9,12.75409322,102.90677,0.38,,0.017241153,0.009609775,0.038996744,0.99018347,0.52330375,0.005515504,0.000619761,,,
12/31/1944,0.06066495,0.04381491,0.93,13.10518904,103.48821,0.38,,0.022988731,0.006616965,0.026731724,1.0438149,0.54623222,0.00881769,0.060664952,0.025697587,0.213639475,0.154754002
3/31/1945,0.04345175,0.03336325,0.96,13.52793708,103.48821,0.38,,0.022988731,0.00660062,0.02666504,1.0333632,0.56445628,0.005510664,0.043451749,,,
6/30/1945,0.1029733,0.0915625,1,13.85803867,105.23236,0.38,,0.028409279,0.003674426,0.014778911,1.0915625,0.61613935,0.006440898,0.1029733,,,
9/30/1945,0.08854646,0.07894114,0.99,13.71945829,105.23236,0.38,,0.022598999,0.012354444,0.050341136,1.0789411,0.66477805,0.005918216,0.088546462,,,
12/31/1945,0.1099814,0.09728902,0.96,13.23061978,105.81377,0.38,,0.022471739,0.003674426,0.014778911,1.097289,0.72945362,0.008437616,0.1099814,0.026687468,0.390593011,0.33542778
3/31/1946,0.05947644,0.05107953,0.9,12.33592623,106.39516,0.38,,0.028089673,0.006535984,0.02640137,1.0510795,0.7667138,0.006125156,0.059476439,,,
6/30/1946,0.04226443,0.03392824,0.84,11.26725241,108.7207,0.38,,0.033148929,0.006520134,0.026336721,1.0339283,0.79272705,0.006391472,0.042264432,,,
9/30/1946,-0.1820156,-0.1896997,0.89,10.94309534,118.60445,0.38,,0.127072034,0.014903966,0.060961925,0.81030029,0.64234698,0.006091394,-0.1820156,,,
12/31/1946,0.0360086,0.02016997,1.06,12.36652698,124.99983,0.38,,0.181319123,0.048864257,0.210255719,1.02017,0.65530306,0.010173896,0.0360086,0.027045638,-0.06421172,-0.101652195
3/31/1947,-0.01497293,-0.02573401,1.27,14.54587831,127.32545,0.38,,0.196722201,0.030949987,0.129666864,0.97426599,0.63843954,0.007051769,-0.01497293,,,
6/30/1947,-0.006663786,-0.01961329,1.44,16.41799636,127.90684,0.38,,0.176471822,0.013248201,0.054055225,0.98038673,0.62591761,0.008267475,-0.006663786,,,
9/30/1947,0.01849715,0.006159472,1.55,16.90379457,133.72078,0.80000001,,0.127451626,0.006040443,0.024381575,1.0061594,0.6297729,0.00772237,0.01849715,,,
12/31/1947,0.03649636,0.0167833,1.61,17.25799594,136.04637,0.94999999,,0.08837244,0.026760548,0.111416122,1.0167834,0.64034259,0.012414751,0.03649636,0.03321551,0.032932718,-0.022829872
3/31/1948,-0.003640675,-0.01706195,1.71,18.32992115,136.04651,1,,0.068494241,0.012629084,0.051481381,0.98293805,0.62941712,0.008594214,-0.003640675,,,
6/30/1948,0.1149689,0.1008168,1.86,19.35870249,140.11626,1,,0.095455568,0.003674921,0.014780914,1.1008168,0.692873,0.008907574,0.1149689,,,
9/30/1948,-0.07513482,-0.08770863,2.07,21.19261776,142.44177,1.09,,0.065217912,0.018982708,0.078120382,0.91229135,0.63210201,0.008712053,-0.075134821,,,
12/31/1948,-0.005964463,-0.0282318,2.29,23.83410145,140.11612,1.16,,0.029914433,0.012223438,0.049797554,0.9717682,0.61425662,0.014075229,-0.005964463,0.038628592,0.021313525,-0.040737547
3/31/1949,0.01459679,-0.00106268,2.38,25.08305,138.37204,1.17,,0.01709364,-0.004875082,-0.019358191,0.99893731,0.61360389,0.009618933,0.01459679,,,
6/30/1949,-0.04386765,-0.05949011,2.4,25.188,138.95355,1.17,,-0.00829818,-0.002830758,-0.011275044,0.94050992,0.57710052,0.009586003,-0.043867651,,,
9/30/1949,0.1196137,0.1039995,2.39,25.08305,138.95355,1.0700001,,-0.024488744,0.005852479,0.023616228,1.1039995,0.6371187,0.009010963,0.1196137,,,
12/31/1949,0.1058542,0.08100947,2.32,24.65791356,137.20941,1.1,,-0.020745008,0.003674426,0.014778911,1.0810095,0.68873137,0.015829042,0.1058542,0.042291128,0.201095589,0.121243609
3/31/1950,0.04643368,0.03181245,2.37,25.18933411,137.20941,1.12,,-0.008402203,-0.002885735,-0.011493073,1.0318124,0.71064156,0.010070099,0.04643368,,,
6/30/1950,0.02360176,0.009346512,2.54,26.76930546,138.3721,1.15,,-0.004184492,0.003674426,0.014778911,1.0093465,0.71728361,0.010130372,0.023601759,,,
9/30/1950,0.1201865,0.1019411,2.72,27.96143279,141.86047,1.3,,0.020920084,0.008056782,0.032618695,1.1019411,0.79040426,0.013087126,0.1201865,,,
12/31/1950,0.08739588,0.06082365,2.84,28.4943448,145.34888,1.34,,0.059321514,0.016605051,0.06809296,1.0608237,0.83847958,0.021002803,0.087395877,0.049116639,0.304730308,0.217426148
3/31/1951,0.05097882,0.03720106,2.83,27.5135781,150.00008,1.4,,0.093220064,0.016291035,0.066773892,1.037201,0.86967188,0.01155237,0.050978821,,,
6/30/1951,0.000264211,-0.01327871,2.72,26.34204479,150.58142,1.45,,0.088235417,0.020033473,0.082574254,0.98672128,0.85812378,0.011777897,0.000264211,,,
9/30/1951,0.1300124,0.1154994,2.51,24.1220136,151.74422,1.63,,0.069672334,0.005683336,0.022927883,1.1154994,0.95723653,0.01245395,0.13001239,,,
12/31/1951,0.01810569,0.000886908,2.44,23.0953366,154.06984,1.73,,0.060000187,0.007669463,0.031032583,1.0008869,0.95808548,0.016482448,0.018105689,0.05678702,0.209441225,0.142646254
3/31/1952,0.03691128,0.02359356,2.4,22.88947529,152.90709,1.59,,0.019380056,0.011573614,0.047104366,1.0235935,0.98069012,0.012759514,0.036911279,,,
6/30/1952,0.02095053,0.00786558,2.34,22.14880642,154.06984,1.7,,0.023166338,-0.000259937,-0.001039344,1.0078655,0.9884038,0.012832281,0.02095053,,,
9/30/1952,-0.0146401,-0.02701421,2.36,22.17078577,155.23262,1.71,,0.022988685,0.00760879,0.030784285,0.9729858,0.96170288,0.012230617,-0.0146401,,,
12/31/1952,0.08645775,0.06997485,2.4,22.5465618,155.23262,2.0899999,,0.007547097,0.00757932,0.0306637,1.0699749,1.0289979,0.015851652,0.086457752,0.05430486,0.13332384,0.074014701
3/31/1953,-0.01627903,-0.02829525,2.43,22.91421485,154.65138,2.01,,0.011407516,0.003674426,0.014778911,0.97170472,0.99988216,0.012364665,-0.016279031,,,
6/30/1953,-0.03700866,-0.04938298,2.51,23.49196101,155.8141,2.1099999,,0.011321229,0.001726189,0.006922657,0.95061702,0.95050496,0.012372862,-0.037008662,,,
9/30/1953,-0.01710165,-0.03029367,2.55,23.77761245,156.39545,1.79,,0.007490887,0.007564461,0.030602905,0.96970636,0.92171073,0.01253908,-0.017101649,,,
12/31/1953,0.07810969,0.06027497,2.51,23.4046303,156.39529,1.6,,0.007489856,0.005608547,0.022623629,1.060275,0.97726679,0.016438453,0.078109689,0.053128259,0.003843165,-0.050273292
3/31/1954,0.1112359,0.09781226,2.55,23.77761245,156.39529,1.03,,0.011276395,0.003673931,0.014776909,1.0978123,1.0728555,0.013118478,0.1112359,,,
6/30/1954,0.08867463,0.07637743,2.62,24.43033123,156.39529,0.63999999,,0.003730022,0.003674426,0.014778911,1.0763774,1.1547974,0.013193118,0.088674627,,,
9/30/1954,0.09311393,0.08114469,2.63,24.61508265,155.81403,1.01,,-0.003717627,0.003674426,0.014778911,1.0811447,1.2485031,0.013822048,0.093113929,,,
12/31/1954,0.1373989,0.1221797,2.77,26.02249007,155.2327,1.15,,-0.007433664,0.001740553,0.00698041,1.1221797,1.4010448,0.019001218,0.1373989,0.056572097,0.50412039,0.433635964
3/31/1955,0.03737352,0.02751542,2.96,27.80742622,155.2327,1.28,,-0.007433664,0.001733123,0.006950537,1.0275154,1.4395952,0.01381164,0.03737352,,,
6/30/1955,0.1138429,0.1035775,3.22,30.24997041,155.2327,1.41,,-0.007433664,0.003674426,0.014778911,1.1035775,1.5887048,0.014778021,0.1138429,,,
9/30/1955,0.02246867,0.01313414,3.44,32.07646543,156.39537,2.0699999,,0.003730986,0.003674426,0.014778911,1.0131341,1.6095711,0.014829813,0.022468669,,,
12/31/1955,0.06153683,0.04805144,3.62,33.88083619,155.81403,2.54,,0.003744894,0.00754985,0.030543125,1.0480515,1.6869134,0.021705694,0.06153683,0.062420692,0.254134673,0.2040395
3/31/1956,0.07954286,0.06984946,3.69,34.53599049,155.81403,2.25,,0.003744894,0.001740305,0.006979414,1.0698495,1.8047434,0.016351925,0.07954286,,,
6/30/1956,-0.00888234,-0.01815771,3.6,33.19815441,158.13942,2.49,,0.018724921,0.003674426,0.014778911,0.98184228,1.7719734,0.016739663,-0.00888234,,,
9/30/1956,-0.03108156,-0.03989864,3.46,31.67421642,159.30214,2.8399999,,0.018586036,0.011368067,0.046253559,0.96010137,1.701274,0.015623631,-0.031081559,,,
12/31/1956,0.04738051,0.03493446,3.41,30.99029004,160.46494,3.21,,0.029849109,0.007479023,0.030253382,1.0349344,1.760707,0.021174142,0.047380511,0.070420913,0.085817441,0.043744833
3/31/1957,-0.02732254,-0.037161,3.4,30.67711151,161.62764,3.0799999,,0.03731121,0.007451534,0.030140945,0.96283901,1.6952775,0.017322646,-0.02732254,,,
6/30/1957,0.07803927,0.06791905,3.42,30.52812491,163.37177,3.29,,0.033086943,0.007424045,0.030028518,1.067919,1.810419,0.01715658,0.078039274,,,
9/30/1957,-0.09675376,-0.1057422,3.47,30.75554187,164.53442,3.53,,0.032845008,0.009248707,0.037511229,0.89425778,1.6189812,0.016272843,-0.096753761,,,
12/31/1957,-0.05343884,-0.06546249,3.37,29.76404173,165.11595,3.04,,0.028984587,0.007357428,0.0297561,0.93453753,1.5129988,0.019466063,-0.053438839,0.071926211,-0.103483523,-0.140686804
3/31/1958,0.06949812,0.05798334,3.14,27.34749201,167.44142,1.3,,0.035970209,0.005506764,0.022209672,1.0579834,1.6007276,0.017421849,0.069498122,,,
6/30/1958,0.08732144,0.07658236,2.93,25.43022024,168.02281,0.82999998,,0.028469056,0.010937904,0.044474691,1.0765823,1.723315,0.017190341,0.087321438,,,
9/30/1958,0.1167247,0.1067814,2.88,24.99625744,168.02281,2.4400001,,0.021201582,0.00547457,0.022078764,1.1067814,1.9073329,0.017135438,0.1167247,,,
12/31/1958,0.1148388,0.1047357,2.89,25.08305,168.02281,2.77,,0.017604962,0.003674426,0.014778911,1.1047357,2.1070988,0.019269975,0.1148388,0.071213691,0.44775867,0.392663935
3/31/1959,0.0252065,0.01713487,3.11,26.99248633,168.02281,2.8,,0.003472199,0.003674426,0.014778911,1.0171349,2.1432037,0.017007722,0.025206501,,,
6/30/1959,0.05895217,0.05084407,3.4,29.30665636,169.18558,3.21,,0.00692031,0.003674426,0.014778911,1.0508441,2.2521729,0.01737731,0.058952171,,,
9/30/1959,-0.02445508,-0.03189962,3.43,29.36343396,170.34836,4.04,4.8299999,0.01384068,0.007256141,0.029342002,0.96810037,2.1803296,0.016766392,-0.02445508,,,
12/31/1959,0.06360778,0.05405908,3.39,28.92229235,170.92973,4.4899998,4.9899998,0.017300746,0.007231623,0.029241787,1.054059,2.2981961,0.020819312,0.063607782,0.070421399,0.126461811,0.090692095
3/31/1960,-0.06492543,-0.07271631,3.39,28.92229235,170.92981,3.3099999,3.6800001,0.017301222,0.005443862,0.021953907,0.9272837,2.1310797,0.017904969,-0.064925432,,,
6/30/1960,0.04155741,0.03285802,3.26,27.62525101,172.09251,2.46,3.0999999,0.017181902,0.003674674,0.014779913,1.032858,2.2011027,0.018539093,0.041557409,,,
9/30/1960,-0.05040956,-0.05824034,3.27,27.70999105,172.09251,2.48,2.8599999,0.010238725,0.007195219,0.029092997,0.94175965,2.0729098,0.017236352,-0.050409559,,,
12/31/1960,0.09434144,0.08438851,3.27,27.52401795,173.25536,2.25,2.6400001,0.013605767,0.003674426,0.014778911,1.0843885,2.2478395,0.020631526,0.094341442,0.074499726,0.012088845,-0.021911308
3/31/1961,0.1370962,0.1287991,3.09,26.0089344,173.25536,2.3900001,2.76,0.013605292,0.007171941,0.028997861,1.1287991,2.5373592,0.018650549,0.1370962,,,
6/30/1961,0.002282916,-0.004775388,3.03,25.50390654,173.25536,2.3299999,2.8,0.006757122,0.003674426,0.014778911,0.9952246,2.5252423,0.017909452,0.002282916,,,
9/30/1961,0.0364714,0.02935226,3.05,25.50110083,174.41808,2.28,2.8800001,0.013513488,0.003674426,0.014778911,1.0293523,2.5993638,0.017977554,0.0364714,,,
12/31/1961,0.07479022,0.06637369,3.19,26.67164317,174.41808,2.5999999,2.97,0.006711019,0.007148167,0.028900708,1.0663737,2.7718933,0.021877624,0.074790217,0.075169081,0.269604827,0.233136651
3/31/1962,-0.02194627,-0.02878173,3.37,28.08301611,174.99939,2.72,2.98,0.01006624,0.003674426,0.014778911,0.97121829,2.6921134,0.018947165,-0.02194627,,,
6/30/1962,-0.2135138,-0.2200477,3.47,28.82059056,175.58073,2.73,2.8900001,0.013421634,0.005402505,0.021785774,0.77995229,2.09972,0.017589999,-0.21351381,,,
9/30/1962,0.03569797,0.02707277,3.53,29.12604161,176.74345,2.78,2.99,0.013332161,0.005396809,0.021762619,1.0270728,2.1565654,0.018110504,0.035697971,,,
12/31/1962,0.1257612,0.1144912,3.67,30.28118207,176.74345,2.8699999,2.9400001,0.013332161,0.007102352,0.028713504,1.1144912,2.4034731,0.024304492,0.1257612,0.076525292,-0.103122308,-0.132912859
3/31/1963,0.06264462,0.05446021,3.71,30.51085754,177.32475,2.8900001,2.97,0.013287818,0.003674426,0.014778911,1.0544602,2.5343666,0.01967101,0.062644623,,,
6/30/1963,0.04917674,0.04118223,3.84,31.47676863,177.90617,2.99,3.1099999,0.013244278,0.005379722,0.021693158,1.0411823,2.6387377,0.020261019,0.049176741,,,
9/30/1963,0.03837199,0.03098193,3.96,32.35468339,178.48763,3.3800001,3.5699999,0.009868428,0.005374521,0.021672019,1.0309819,2.7204909,0.019500431,0.038371991,,,
12/31/1963,0.04421994,0.0345408,4.02,32.63231748,179.65033,3.52,3.6900001,0.01644689,0.005369073,0.021649873,1.0345408,2.8144586,0.026332013,0.044219941,0.083736952,0.208875701,0.170996562
3/31/1964,0.06184321,0.05426595,4.18,33.93111618,179.65033,3.54,3.78,0.013114808,0.007046632,0.028485858,1.054266,2.9671881,0.021325884,0.061843209,,,
6/30/1964,0.03750386,0.02987975,4.33,35.03535694,180.23174,3.48,3.7,0.013071891,0.003674426,0.014778911,1.0298798,3.0558469,0.022622168,0.037503861,,,
9/30/1964,0.03936845,0.03213846,4.47,36.05184357,180.81329,3.53,3.73,0.013029811,0.00535248,0.02158243,1.0321385,3.1540573,0.022093743,0.039368451,,,
12/31/1964,0.0157203,0.006985939,4.55,36.57944792,181.39456,3.8399999,3.96,0.009709028,0.005347528,0.021562299,1.0069859,3.1760912,0.027548674,0.0157203,0.092373808,0.163037659,0.128490914
3/31/1965,0.03569936,0.02850639,4.68,37.50436869,181.97595,3.9300001,4.02,0.012945259,0.005341336,0.021537134,1.0285064,3.2666302,0.022845529,0.03569936,,,
6/30/1965,-0.02422523,-0.03150549,4.84,38.41834241,183.72006,3.8,3.8900001,0.019354638,0.005336383,0.021517004,0.96849453,3.1637135,0.023781916,-0.024225229,,,
9/30/1965,0.08165106,0.07406313,4.98,39.52961677,183.72006,3.9200001,4.0900002,0.016076086,0.008628351,0.034962668,1.0740632,3.3980281,0.024006037,0.081651062,,,
12/31/1965,0.04641002,0.03744511,5.19,40.93743066,184.88301,4.3800001,4.5599999,0.019231282,0.003674426,0.014778911,1.0374451,3.5252676,0.030463016,0.04641002,0.098182156,0.143858654,0.109938955
3/31/1966,-0.01759709,-0.02463156,5.34,41.72694299,186.62712,4.5900002,4.8099999,0.025559257,0.006951535,0.028097429,0.97536844,3.4384346,0.02479839,-0.01759709,,,
6/30/1966,-0.03902415,-0.04664149,5.46,42.26958426,188.37143,4.5,4.7800002,0.025317703,0.008550838,0.034644558,0.95335853,3.2780609,0.026191726,-0.039024152,,,
9/30/1966,-0.09363823,-0.101309,5.51,42.26532278,190.11554,5.3699999,5.8000002,0.034811005,0.008506014,0.034460637,0.898691,2.9459639,0.025145251,-0.093638226,,,
12/31/1966,0.06713742,0.05685338,5.55,42.31335182,191.27829,4.96,5,0.034590956,0.008460942,0.03427572,1.0568534,3.113452,0.03029641,0.06713742,0.106598383,-0.086888018,-0.116818263
3/31/1967,0.1450216,0.1362207,5.45,41.42503712,191.85971,4.2600002,4.1900001,0.028037672,0.006841085,0.027646425,1.1362207,3.5375686,0.027401179,0.1450216,,,
6/30/1967,0.02760254,0.01988754,5.33,40.14794489,193.60381,3.54,4.1599998,0.02777693,0.005250698,0.021168789,1.0198876,3.6079223,0.027292341,0.02760254,,,
9/30/1967,0.07834448,0.07074952,5.3,39.5655253,195.34801,4.4200001,5.0999999,0.027522579,0.008374265,0.033920186,1.0707495,3.8631811,0.027402027,0.078344479,,,
12/31/1967,0.0132856,0.005203241,5.33,39.4373618,197.09215,4.9699998,5.5900002,0.030394772,0.008332414,0.033748548,1.0052032,3.8832822,0.031223617,0.0132856,0.112391957,0.285666237,0.247259302
3/31/1968,-0.06396766,-0.07103358,5.44,39.78186356,199.41788,5.1700001,5.4200001,0.039394253,0.008290809,0.033577944,0.9289664,3.6074386,0.027438961,-0.06396766,,,
6/30/1968,0.1366882,0.1285251,5.57,40.2629938,201.74335,5.52,5.6799998,0.042042251,0.00976703,0.039644227,1.1285251,4.071085,0.029447882,0.1366882,,,
9/30/1968,0.03987491,0.03279649,5.66,40.4473114,204.06888,5.1900001,5.1799998,0.044642738,0.009695709,0.039350531,1.0327965,4.2046027,0.028816849,0.039874911,,,
12/31/1968,0.03189271,0.02444182,5.76,40.69813183,206.39455,5.96,5.9699998,0.047198227,0.009626863,0.039067087,1.0244418,4.3073707,0.031328034,0.031892709,0.116927309,0.141689086,0.10920876
3/31/1969,-0.03131596,-0.03799126,5.82,40.43860139,209.88295,6.02,6.1999998,0.052478093,0.009559751,0.038790838,0.96200871,4.1437283,0.028752992,-0.03131596,,,
6/30/1969,-0.04344832,-0.05071811,5.84,40.02322732,212.79001,6.4400001,6.8800001,0.054756006,0.012378961,0.050442887,0.94928187,3.9335661,0.030124035,-0.043448322,,,
9/30/1969,-0.03924334,-0.04655535,5.89,39.82187722,215.69701,7.0900002,7.3499999,0.056981398,0.010818538,0.043981475,0.95344466,3.7504375,0.028762275,-0.03924334,,,
12/31/1969,0.001577105,-0.006675147,5.78,38.45624111,219.18527,7.8200002,7.6100001,0.061972179,0.010721461,0.043580485,0.99332488,3.7254028,0.030949555,0.001577105,0.118967336,-0.108362398,-0.13510975
3/31/1970,-0.02533383,-0.03311064,5.63,36.96795065,222.09236,6.6300001,6.5,0.058172472,0.012006252,0.048896852,0.96688938,3.6020525,0.02897175,-0.025333829,,,
6/30/1970,-0.2056363,-0.2132416,5.52,35.68516392,225.58044,6.6799998,7.0700002,0.060108226,0.010517401,0.042737964,0.78675842,2.8339453,0.02739469,-0.20563629,,,
9/30/1970,0.181533,0.171001,5.36,34.29723163,227.90608,6.1199999,6.3899999,0.056602871,0.011767768,0.047908492,1.171001,3.3185525,0.029847112,0.18153299,,,
12/31/1970,0.09394656,0.08435958,5.13,32.33066495,231.39442,4.8699999,4.8400002,0.05570242,0.009001307,0.036494294,1.0843595,3.5985041,0.031814896,0.093946561,0.117163107,0.000730751,-0.034063102
3/31/1971,0.1177271,0.1095293,5.22,32.73338025,232.55733,3.3800001,3.5999999,0.047119901,0.01156346,0.047062324,1.1095293,3.9926455,0.029499816,0.1177271,,,
6/30/1971,-0.00118487,-0.008381708,5.32,32.86744483,236.04572,4.75,5.3299999,0.046392675,0.006277936,0.02534921,0.99161828,3.9591801,0.028734423,-0.00118487,,,
9/30/1971,-0.004502352,-0.01166473,5.43,33.3825886,237.20845,4.6900001,5.1900001,0.040816682,0.011406947,0.046414453,0.98833525,3.9129975,0.028357144,-0.004502352,,,
12/31/1971,0.04554077,0.03747548,5.7,34.78671168,238.95265,4.0100002,4.3899999,0.032663839,0.006226426,0.025139279,1.0374755,4.059639,0.03155946,0.045540769,0.118406279,0.161989233,0.128146343
3/31/1972,0.06987261,0.06282943,5.81,35.20109191,240.69672,3.73,4.4299998,0.034999499,0.007479271,0.030254396,1.0628294,4.3147035,0.028592767,0.06987261,,,
6/30/1972,0.000615308,-0.006048107,5.97,35.91026583,242.44089,3.9100001,4.71,0.027092929,0.007451286,0.030139932,0.99395192,4.2886076,0.028750658,0.000615308,,,
9/30/1972,0.02364682,0.01705284,6.14,36.5819304,244.76662,4.6599998,5.4400001,0.031862988,0.007424293,0.030029531,1.0170529,4.3617406,0.028278993,0.02364682,,,
12/31/1972,0.07077637,0.06342412,6.42,37.89016024,247.09215,5.0700002,5.2800002,0.034063234,0.008632809,0.034980967,1.0634241,4.6383805,0.032068606,0.070776373,0.117181878,0.173405534,0.142559854
3/31/1973,-0.07790843,-0.08382618,6.8,39.39139492,251.74319,6.0900002,6.5300002,0.045893729,0.008585508,0.034786835,0.91617382,4.2495627,0.027448777,-0.077908427,,,
6/30/1973,-0.08300595,-0.08980329,7.23,41.02951391,256.97574,7.1900001,7.0500002,0.059952139,0.013359394,0.054517985,0.91019672,3.867938,0.028885722,-0.08300595,,,
9/30/1973,0.0809263,0.07314335,7.69,42.67448108,262.78964,8.29,8.0699997,0.073633488,0.014358648,0.0586835,1.0731434,4.1508517,0.030103968,0.080926299,,,
12/31/1973,-0.1110192,-0.1192016,8.16,44.30252987,268.60367,7.4499998,7.0100002,0.087058694,0.015293515,0.062591772,0.8807984,3.6560638,0.03396393,-0.1110192,0.118507073,-0.187489402,-0.211780101
3/31/1974,-0.01675369,-0.02495851,8.36,43.8691,277.90619,7.96,7.3400002,0.10392734,0.015039429,0.06152848,0.97504151,3.5648139,0.029997345,-0.01675369,,,
6/30/1974,-0.1069812,-0.1158074,8.74,44.73997082,284.88275,7.9000001,8.1599998,0.108597839,0.02135665,0.088202411,0.88419259,3.1519821,0.031463761,-0.1069812,,,
9/30/1974,-0.2454076,-0.254663,9.11,45.15940425,294.18503,8.0600004,8.5200005,0.119469664,0.016551312,0.067867135,0.74533701,2.3492889,0.029172854,-0.2454076,,,
12/31/1974,0.08755647,0.07285573,8.89,42.96499316,301.74301,7.1500001,6.79,0.123376349,0.020361852,0.083968979,1.0728557,2.520448,0.034536287,0.087556466,0.12459789,-0.27941176,-0.310611589
3/31/1975,0.2447609,0.2313146,8.45,40.21855266,306.39465,5.4899998,5.6999998,0.102511067,0.016848736,0.069117436,1.2313147,3.1034646,0.033890698,0.2447609,,,
6/30/1975,0.1610368,0.1498415,7.96,37.25020112,311.62717,5.3400002,5.8600001,0.093878692,0.011619676,0.047295099,1.1498415,3.5684924,0.034744218,0.1610368,,,
9/30/1975,-0.1173931,-0.1263371,7.76,35.64916996,317.44116,6.4200001,7.1999998,0.079052731,0.012468857,0.050816041,0.87366289,3.1176596,0.031916596,-0.1173931,,,
12/31/1975,0.0768491,0.06567259,7.96,35.97496901,322.67392,5.4400001,6.1599998,0.069366677,0.013274699,0.05416549,1.0656726,3.3224044,0.034844555,0.076849103,0.135087799,0.373580418,0.318179938
3/31/1976,0.1645727,0.1540846,8.66,38.85853542,324.9996,5,5.8200002,0.060722176,0.012165736,0.049558199,1.1540846,3.8343356,0.03484571,0.1645727,,,
6/30/1976,0.02401781,0.01424472,9.25,40.84827685,330.23221,5.4099998,6.1199999,0.059702881,0.007404233,0.029947496,1.0142447,3.8889544,0.037473306,0.024017811,,,
9/30/1976,0.01680306,0.007146923,9.55,41.58734852,334.88333,5.0799999,5.5,0.054946151,0.011969601,0.048744912,1.007147,3.9167485,0.037552275,0.01680306,,,
12/31/1976,0.04553965,0.03423967,9.91,42.71014184,338.37149,4.3499999,4.6399999,0.0486484,0.010938152,0.044475716,1.0342396,4.0508566,0.044259179,0.045539651,0.144715846,0.2678021,0.219254658
3/31/1977,-0.06027206,-0.07003997,10.08,42.49363765,345.9296,4.5999999,5.1900001,0.064400079,0.009056037,0.036719198,0.92996001,3.7671347,0.039568402,-0.06027206,,,
6/30/1977,0.04519884,0.03350009,10.42,43.05854712,352.90604,5.02,5.4099998,0.068660262,0.015147403,0.061980229,1.0335001,3.8933342,0.044070765,0.045198839,,,
9/30/1977,-0.02444262,-0.0351262,10.71,43.75235594,356.97577,5.8099999,6.1300001,0.065970558,0.014044137,0.057371094,0.96487379,3.7565761,0.041594747,-0.024442621,,,
12/31/1977,0.01263605,-0.000297607,10.89,43.98621812,361.04526,6.0700002,6.52,0.067008512,0.009629339,0.039077281,0.99970239,3.7554581,0.048586264,0.01263605,0.169493093,-0.029697252,-0.072922487
3/31/1978,-0.03212768,-0.04434095,10.92,43.20298202,368.60327,6.29,6.8200002,0.065544174,0.009561484,0.038797971,0.95565903,3.5889373,0.045866422,-0.032127678,,,
6/30/1978,0.09609849,0.08287395,11.23,43.20286066,379.06851,6.73,7.5300002,0.074134379,0.014434181,0.05899887,1.0828739,3.8863668,0.047462046,0.09609849,,,
9/30/1978,0.09392746,0.08199144,11.57,43.64073511,386.62662,7.8499999,8.0100002,0.08306124,0.018214261,0.074871881,1.0819914,4.2050157,0.046387751,0.093927458,,,
12/31/1978,-0.06468419,-0.07751734,12.33,45.68301425,393.60355,9.0799999,9.4399996,0.090177863,0.013927743,0.056885709,0.92248267,3.8790541,0.053963598,-0.06468419,0.188302483,0.085461562,0.032911041
3/31/1979,0.08845892,0.07485012,13.3,47.79435029,405.81293,9.4799995,9.3800001,0.100947721,0.012962911,0.052868608,1.0748501,4.1694016,0.052789271,0.088458918,,,
6/30/1979,0.04144217,0.02799756,13.98,48.50083527,420.34778,9.0600004,8.8100004,0.108896595,0.019539665,0.080479438,1.0279976,4.2861347,0.056055978,0.041442171,,,
9/30/1979,0.08223441,0.06981296,14.63,49.19102165,433.71979,10.26,9.8900003,0.121805296,0.021950506,0.09073551,1.069813,4.5853629,0.053240009,0.082234412,,,
12/31/1979,0.01414896,0.000700766,14.86,48.59636545,445.92917,12.04,10.92,0.132939909,0.019938624,0.082171653,1.0007007,4.5885758,0.06166485,0.01414896,0.216048856,0.24414297,0.182911027
3/31/1980,-0.06155352,-0.07310866,15.29,47.88012915,465.69675,15.2,14.03,0.147565086,0.018092418,0.074357482,0.92689133,4.2531109,0.053021636,-0.061553519,,,
6/30/1980,0.1575908,0.1431417,14.94,45.31327291,480.81302,7.0700002,7.54,0.143845746,0.026201114,0.108995866,1.1431417,4.8619089,0.061453626,0.15759081,,,
9/30/1980,0.1269163,0.1143495,14.64,43.71617286,488.37097,10.27,10.48,0.126005733,0.020264527,0.08355547,1.1143495,5.4178658,0.061098635,0.1269163,,,
12/31/1980,0.088371,0.07668478,14.82,43.07425272,501.74353,15.49,13.23,0.125164182,0.011774703,0.047937223,1.0766848,5.8333335,0.063314371,0.088371001,0.237238747,0.332395626,0.271273191
3/31/1981,0.01983311,0.008586425,14.58,41.32326203,514.53412,13.36,12.28,0.104869467,0.017704109,0.072719343,1.0085864,5.8834209,0.065605663,0.01983311,,,
6/30/1981,-0.008135686,-0.01900844,15.01,41.55591396,526.74347,14.73,13.22,0.095526635,0.016747944,0.068693607,0.98099154,5.7715864,0.063968986,-0.008135686,,,
9/30/1981,-0.1191835,-0.1297239,15.27,41.09637055,541.86029,14.7,14.53,0.109526002,0.015854187,0.064940883,0.87027609,5.0228734,0.060834829,-0.1191835,,,
12/31/1981,0.07761669,0.06430031,15.36,40.98677106,546.5116,10.85,11.57,0.089225007,0.018369287,0.07552664,1.0643003,5.3458457,0.066886492,0.077616692,0.253723849,-0.039867604,-0.083569288
3/31/1982,-0.08532745,-0.0977745,14.81,39.31004979,549.41815,12.68,12.47,0.067797311,0.008113493,0.032851086,0.90222549,4.8231583,0.06654001,-0.085327446,,,
6/30/1982,-0.01040906,-0.02415966,14.17,36.64194005,563.95331,12.47,12.57,0.070641293,0.006429248,0.025966068,0.97584033,4.7066326,0.066321321,-0.01040906,,,
9/30/1982,0.1144142,0.09951473,13.56,34.74220204,569.18573,7.9200001,9.9200001,0.05042894,0.01723556,0.070745196,1.0995147,5.1750116,0.070126332,0.1144142,,,
12/31/1982,0.1938141,0.1801644,12.64,32.48460574,567.4411,7.9400001,8.2299995,0.038296534,0.008470848,0.034316361,1.1801645,6.1073651,0.070637353,0.1938141,0.269874155,0.204216844,0.142450591
3/31/1983,0.1105525,0.09860381,12.42,31.82139745,569.18494,8.3500004,8.3599997,0.035977679,0.002080077,0.008346303,1.0986038,6.7095747,0.07297501,0.1105525,,,
6/30/1983,0.1295777,0.1190871,12.59,31.73825121,578.48694,8.79,8.8699999,0.025770981,0.005268033,0.021239229,1.1190871,7.5085983,0.070387468,0.1295777,,,
9/30/1983,-0.01263833,-0.02195728,13.3,33.1285566,585.46338,9,9.2700005,0.028598134,0.012093424,0.049258298,0.97804272,7.34373,0.069972254,-0.01263833,,,
12/31/1983,-0.009819153,-0.01964806,14.03,34.73990044,588.95166,9,9.2399998,0.037908005,0.009900264,0.04019304,0.98035192,7.19944,0.072180837,-0.009819153,0.283972085,0.226439104,0.178812759
3/31/1984,-0.0388886,-0.04871603,15.26,37.30675858,596.50977,9.5200005,9.6700001,0.048006945,0.006759609,0.027313828,0.95128399,6.848712,0.070751995,-0.0388886,,,
6/30/1984,-0.02769669,-0.03855865,16.2,39.18470685,602.90472,9.8699999,10.93,0.042209734,0.010296995,0.041828527,0.96144134,6.5846348,0.074390434,-0.02769669,,,
9/30/1984,0.09018427,0.07911704,16.56,39.55955314,610.46259,10.37,10.51,0.04269987,0.00921255,0.03736256,1.0791171,7.1055918,0.072873667,0.090184271,,,
12/31/1984,0.01264317,0.001596221,16.64,39.63741235,612.20667,8.0600004,8.6000004,0.039485431,0.010144444,0.041199421,1.0015962,7.1169338,0.078495108,0.01264317,0.290196933,0.031648716,-0.011460101
3/31/1985,0.1021335,0.09139718,16.39,38.63826969,618.60199,8.5200005,9.0600004,0.037035806,0.005156097,0.020784447,1.0913972,7.7674012,0.076409683,0.1021335,,,
6/30/1985,0.0714716,0.06133305,15.61,36.38907161,625.57849,6.9499998,7.27,0.037607551,0.009071639,0.036783316,1.0613331,8.2438002,0.078750186,0.071471602,,,
9/30/1985,-0.04466994,-0.053866,15.23,35.27376283,629.64856,7.0999999,7.5,0.031428576,0.009498829,0.038540119,0.94613397,7.7997389,0.075810485,-0.044669941,,,
12/31/1985,0.1648346,0.1539072,14.61,33.52821231,635.46204,7.0999999,7.1599998,0.037986143,0.007042422,0.02846866,1.1539072,9.0001745,0.085230865,0.1648346,0.309465462,0.314112581,0.264614183
3/31/1986,0.1414017,0.132043,14.52,33.4748057,632.55493,6.5599999,6.5900002,0.022555602,0.008447569,0.034220861,1.132043,10.188585,0.084229931,0.14140169,,,
6/30/1986,0.05739047,0.04908985,14.71,33.69604251,636.62488,6.21,6.3200002,0.01765788,0.001293055,0.005182261,1.0490899,10.688742,0.084571578,0.05739047,,,
9/30/1986,-0.07669146,-0.08390386,14.85,33.80066175,640.6944,5.21,5.4499998,0.017542865,0.007005274,0.028316918,0.91609615,9.7919149,0.077091478,-0.076691464,,,
12/31/1986,0.037033,0.027492,14.48,32.86901032,642.43872,5.5300002,5.5500002,0.010978909,0.006983729,0.028228916,1.027492,10.061115,0.093424663,0.037032999,0.331123852,0.155615441,0.117879807
3/31/1987,0.2105564,0.2020378,15.1,33.78715923,651.74097,5.5900002,5.6799998,0.030331026,0.005086508,0.020501793,1.2020378,12.093841,0.085706614,0.2105564,,,
6/30/1987,0.03117668,0.02338869,14.42,31.86762828,659.88019,5.6700001,6.3499999,0.036529062,0.01114048,0.045312128,1.0233887,12.3767,0.094186708,0.031176681,,,
9/30/1987,0.06053895,0.05302164,15.86,34.59279765,668.60071,6.4000001,7.1100001,0.043556351,0.010120175,0.041099364,1.0530217,13.032933,0.09303949,0.060538951,,,
12/31/1987,-0.2308077,-0.2385022,17.5,38.03755416,670.92633,5.77,6.6900001,0.044342922,0.010492884,0.042636773,0.7614978,9.9245501,0.1002819,-0.23080771,0.366357475,0.018309188,-0.013573599
3/31/1988,0.08065624,0.06999928,18.59,40.02522742,677.32184,5.6999998,6.2800002,0.039250057,0.005477789,0.022091853,1.0699993,10.619262,0.10576554,0.080656238,,,
6/30/1988,0.06349189,0.05429809,21.67,46.06353335,686.04218,6.46,6.9899998,0.039646576,0.008601605,0.034852897,1.054298,11.195868,0.097631365,0.063491888,,,
9/30/1988,0.000823526,-0.008913431,22.73,47.5907952,696.50726,7.2399998,7.5300002,0.041738738,0.010318292,0.041916376,0.99108654,11.096073,0.10901368,0.000823525,,,
12/31/1988,0.02203914,0.0105536,23.75,49.43754668,700.57727,8.0699997,8.3199997,0.044194032,0.011536961,0.046952613,1.0105536,11.213177,0.12744439,0.02203914,0.412692485,0.175565363,0.12984235
3/31/1989,0.07107682,0.0612749,24.96,51.1915722,711.04266,8.8199997,8.8199997,0.04978552,0.006700421,0.027072264,1.0612749,11.900263,0.10991066,0.071076818,,,
6/30/1989,0.08413746,0.07440112,25.22,50.97457865,721.50708,8.1499996,7.8400002,0.051694926,0.011375248,0.046283274,1.0744011,12.785656,0.11586501,0.084137462,,,
9/30/1989,0.09934086,0.09013171,23.69,47.53739636,726.73926,7.75,7.6500001,0.043405147,0.011262074,0.045815032,1.0901318,13.93805,0.11774503,0.099340864,,,
12/31/1989,0.00608263,-0.002209938,22.87,45.49162201,733.13519,7.6300001,7.21,0.046472989,0.007427017,0.030040672,0.99779004,13.907248,0.11558223,0.00608263,0.47096509,0.284313336,0.240259299
3/31/1990,-0.03347703,-0.04149629,21.67,42.23385342,748.25153,7.9000001,7.7600002,0.052330011,0.008225182,0.033308881,0.95850372,13.330149,0.11152583,-0.033477031,,,
6/30/1990,0.05369282,0.0444093,21.26,41.05201255,755.22815,7.73,7.5300002,0.046736991,0.014273954,0.058329965,1.0444093,13.922131,0.1237507,0.053692821,,,
9/30/1990,-0.1488791,-0.1563612,21.74,41.09310528,771.50677,7.3600001,7.2399998,0.061600511,0.008494374,0.03441288,0.84363878,11.745249,0.10416678,-0.1488791,,,
12/31/1990,0.08347718,0.07290697,21.34,40.00540262,777.90228,6.7399998,6.6100001,0.061062531,0.01474993,0.060317966,1.072907,12.60156,0.12414975,0.083477177,0.45502554,-0.06084511,-0.093885374
3/31/1991,0.1612906,0.1521569,20.94,38.90659756,784.87952,5.9099998,6,0.04895144,0.007961934,0.032230111,1.1521569,14.518974,0.11509886,0.1612906,,,
6/30/1991,-0.001791971,-0.009647185,19.41,35.79867651,790.69336,5.5700002,5.96,0.046959598,0.008311858,0.033664257,0.99035281,14.378907,0.11404965,-0.001791971,,,
9/30/1991,0.06306999,0.05534123,17.82,32.57871363,797.66998,5.2199998,5.2600002,0.033911835,0.007507254,0.030368866,1.0553412,15.174654,0.11113112,0.063069992,,,
12/31/1991,0.08450413,0.07653912,15.97,29.04831824,801.7403,4.0700002,4.1700001,0.030643978,0.008236822,0.033356598,1.0765392,16.336109,0.12086627,0.084504128,0.46442938,0.336457148,0.296356015
3/31/1992,-0.0118315,-0.01850134,16.19,29.15251827,809.88,4.04,4.4000001,0.031852634,0.006317807,0.025511728,0.98149866,16.033869,0.10895924,-0.0118315,,,
6/30/1992,0.00028893,-0.006760225,17.05,30.50399447,815.11298,3.6600001,3.98,0.030883806,0.008920575,0.036162604,0.99323976,15.925476,0.11302522,0.00028893,,,
9/30/1992,0.030924,0.02388662,18.04,32.02393645,821.50873,2.9100001,3.0599999,0.02988548,0.00701939,0.028374579,1.0238866,16.305882,0.11207363,0.030924,,,
12/31/1992,0.07030566,0.0631536,19.09,33.74456832,824.99738,3.22,3.55,0.029008246,0.007733604,0.031295119,1.0631536,17.335657,0.11662064,0.07030566,0.45492436,0.090663905,0.061186449
3/31/1993,0.04368497,0.03700022,19.84,34.65513315,834.88062,2.95,3.2,0.030869536,0.005875262,0.023708974,1.0370002,17.977079,0.11588454,0.043684971,,,
6/30/1993,0.008905774,0.002350782,19.33,33.57724075,839.53223,3.0699999,3.3900001,0.029958117,0.009859155,0.04002368,1.0023508,18.019341,0.11783961,0.008905774,,,
9/30/1993,0.03932077,0.03294043,20.41,35.28222264,843.60205,2.95,3.22,0.026893591,0.006560006,0.026499356,1.0329404,18.612904,0.11496952,0.039320771,,,
12/31/1993,0.01965754,0.01333442,21.89,37.65898248,847.67145,3.0599999,3.45,0.027483808,0.006186059,0.024974789,1.0133344,18.861095,0.11769162,0.019657539,0.46531431,0.115896661,0.087994382
3/31/1994,-0.03961367,-0.04551008,22.71,38.69810228,855.81049,3.5,4.1100001,0.025069297,0.006173677,0.024924336,0.95448995,18.002726,0.11121275,-0.039613672,,,
6/30/1994,-0.009510473,-0.01607108,25.2,42.70897703,860.46136,4.1399999,4.98,0.024929513,0.008637266,0.034999262,0.98392892,17.713404,0.11810881,-0.009510473,,,
9/30/1994,0.05479855,0.04829933,27.33,45.88485653,868.60138,4.6199999,5.4299998,0.029634032,0.006489179,0.026210466,1.0482993,18.568949,0.11512331,0.054798551,,,
12/31/1994,-0.01092296,-0.01762445,30.6,51.27196593,870.34558,5.5999999,6.6700001,0.026748724,0.008564458,0.034700451,0.98237556,18.24168,0.12443963,-0.01092296,0.46213649,-0.007580013,-0.032840894
3/31/1995,0.08950759,0.08280185,32.55,53.92690076,880.22882,5.73,6.0300002,0.028532403,0.004716276,0.018998982,1.0828018,19.752125,0.12232397,0.089507587,,,
6/30/1995,0.09294293,0.08642414,34.43,56.63012534,886.62463,5.4699998,5.3299999,0.030406095,0.009538701,0.038704204,1.0864241,21.459185,0.12875995,0.092942931,,,
9/30/1995,0.08865578,0.08224131,35.18,57.59932761,890.69427,5.2800002,5.3099999,0.025435016,0.007434446,0.030071058,1.0822413,23.224016,0.1376493,0.088655777,,,
12/31/1995,0.046659,0.04088491,33.96,55.49318423,892.4386,5.1399999,5.0300002,0.025384193,0.006052825,0.024432009,1.0408849,24.173527,0.13409756,0.046659,0.51317285,0.356824072,0.325181047
3/31/1996,0.05632308,0.05099253,34.04,54.83795902,905.229,4.96,5.0599999,0.02840191,0.004690521,0.018894501,1.0509925,25.406195,0.12885819,0.056323081,,,
6/30/1996,0.04425175,0.03908183,34.91,55.88061745,911.04333,5.0900002,5.48,0.027541193,0.011064948,0.044999824,1.0390818,26.399115,0.131348,0.044251751,,,
9/30/1996,0.02869677,0.023413,36,57.22368821,917.4386,5.0900002,5.5,0.030026386,0.006999579,0.028293654,1.0234129,27.017197,0.13948685,0.02869677,,,
12/31/1996,0.06789553,0.06265881,38.73,61.25261832,922.09015,4.9099998,5.1799998,0.033225311,0.007307404,0.029551567,1.0626588,28.71006,0.14148149,0.067895532,0.5337906,0.211764222,0.187665542
3/31/1997,0.005076764,0.000566617,40.24,63.08387075,930.23016,5.1399999,5.4699998,0.027618603,0.006300967,0.025443084,1.0005666,28.726328,0.12948659,0.005076764,,,
6/30/1997,0.1662868,0.1613633,40.55,63.45088444,931.97412,4.9299998,5.3800001,0.022974527,0.00823905,0.033365735,1.1613632,33.361702,0.14143407,0.1662868,,,
9/30/1997,0.09813629,0.09379776,40.64,63.23667196,937.2074,4.9499998,5.23,0.021547818,0.004647182,0.018718709,1.0937978,36.490955,0.14474075,0.098136291,,,
12/31/1997,0.01264687,0.008536314,39.72,61.76681624,937.78851,5.1599998,5.2399998,0.017024756,0.006582541,0.026591287,1.0085363,36.802456,0.14999811,0.01264687,0.5571429,0.30352349,0.281866142
3/31/1998,0.1334453,0.1295138,39.54,61.14573348,943.02069,5.0300002,5.1100001,0.013749855,0.003996367,0.016081548,1.1295137,41.568878,0.14468886,0.13344529,,,
6/30/1998,0.01633574,0.0127847,38.97,59.96849439,947.67267,4.98,5.1300001,0.016844406,0.006563968,0.026515519,1.0127847,42.100327,0.14761275,0.016335741,,,
9/30/1998,-0.1250268,-0.1285057,38.09,58.39935052,951.1604,4.6100001,4.5,0.014887847,0.00623014,0.025154417,0.87149429,36.690193,0.14646283,-0.12502681,,,
12/31/1998,0.212973,0.2087054,37.71,57.71091004,952.90454,4.3899999,4.3200002,0.016118805,0.005582296,0.022516854,1.2087054,44.347637,0.15657906,0.212973,0.58876255,0.222597909,0.205018423
3/31/1999,0.03679723,0.03345359,38.38,58.34469448,959.30042,4.4400001,4.5300002,0.017263386,0.004625885,0.018632328,1.0334536,45.831223,0.14828253,0.036797229,,,
6/30/1999,0.07959428,0.07577928,41.02,61.90774434,966.27765,4.5700002,4.8200002,0.019632285,0.007148662,0.028902733,1.0757793,49.304283,0.17484611,0.079594277,,,
9/30/1999,-0.06231592,-0.06541437,43.96,65.67307195,976.1618,4.6799998,4.96,0.026285157,0.007438161,0.03008625,0.93458563,46.079075,0.15276685,-0.062315919,,,
12/31/1999,0.1934974,0.1900006,48.17,71.79147466,978.48773,5.1999998,5.5100002,0.02684759,0.00895995,0.036324368,1.1900007,54.834126,0.16112931,0.1934974,0.63247455,0.252657731,0.23646103
3/31/2000,0.04392951,0.04114399,50.95,74.64844612,995.34845,5.6900001,5.8600001,0.037577415,0.004910431,0.019786872,1.041144,57.090221,0.15274155,0.04392951,,,
6/30/2000,-0.04943753,-0.05210117,51.92,75.54013666,1002.3254,5.6900001,5.8299999,0.037305789,0.012547361,0.051141988,0.94789881,54.115753,0.1520678,-0.04943753,,,
9/30/2000,0.001962038,-0.000653204,53.7,77.54518048,1009.8834,6,5.79,0.034545093,0.007302203,0.029530304,0.99934679,54.080406,0.1415258,0.001962038,,,
12/31/2000,-0.106472,-0.1091599,50,72.07772989,1011.6281,5.77,5.3299999,0.033868968,0.007575852,0.030649513,0.89084011,48.176994,0.14536272,-0.106472,0.60746446,-0.111594432,-0.121404922
3/31/2001,-0.1293531,-0.1319679,45.44,64.68636731,1024.4191,4.4200001,4.1100001,0.029206506,0.004570907,0.018409371,0.8680321,41.819176,0.12597321,-0.12935311,,,
6/30/2001,0.07593771,0.07261841,36.79,51.84300053,1034.8837,3.49,3.3699999,0.032482765,0.010199917,0.041428153,1.0726184,44.856018,0.1388104,0.075937711,,,
9/30/2001,-0.1607139,-0.1638097,28.31,39.82619997,1036.6276,2.6400001,,0.026482463,0.008952769,0.036294863,0.83619028,37.508167,0.13886526,-0.1607139,,,
12/31/2001,0.1286003,0.1245635,24.69,35.04813268,1027.3257,1.6900001,,0.015517165,0.004548867,0.018319997,1.1245635,42.180313,0.15141296,0.1286003,0.54901159,-0.112681821,-0.124471795
3/31/2002,0.005685809,0.002375957,24.7,34.65052209,1039.5356,1.79,,0.014756168,-0.00100684,-0.004021281,1.002376,42.280533,0.13961059,0.005685809,,,
6/30/2002,-0.1256799,-0.1289676,26.74,37.28297704,1045.9308,1.7,,0.010674726,0.009810616,0.039823741,0.87103242,36.827713,0.13900571,-0.1256799,,,
9/30/2002,-0.166364,-0.1700675,30.04,41.62954818,1052.3257,1.63,,0.015143432,0.006859658,0.027722256,0.82993251,30.564518,0.13639143,-0.166364,,,
12/31/2002,0.07995142,0.07496124,27.59,38.25546432,1051.7443,1.1900001,,0.023769093,0.006840094,0.02764238,1.0749612,32.855671,0.15252244,0.07995142,0.56642069,-0.208386001,-0.221066239
3/31/2003,-0.02850906,-0.03287472,30.32,41.28762628,1070.9304,1.13,,0.030200794,0.003387404,0.013618617,0.9671253,31.775549,0.14343669,-0.02850906,,,
6/30/2003,0.1702269,0.1648723,34.55,47.17579627,1068.0231,0.92000002,,0.021122143,0.013063208,0.053285662,1.1648723,37.014458,0.17014535,0.1702269,,,
9/30/2003,0.03911139,0.03468989,38.58,52.25183958,1076.7437,0.94,,0.023203843,0.002262592,0.009081131,1.0346899,38.298485,0.16365942,0.039111391,,,
12/31/2003,0.1269601,0.1218994,48.74,66.33466397,1071.5106,0.89999998,,0.018793827,0.007897793,0.031967398,1.1218994,42.967045,0.19381714,0.1269601,0.6297639,0.331310868,0.307751344
3/31/2004,0.02779115,0.02388871,52,69.60077908,1089.5342,0.94,,0.017371624,0.00114422,0.00458474,1.0238887,43.993473,0.16767631,0.02779115,,,
6/30/2004,0.01087886,0.006265354,56.15,74.2442413,1102.9066,1.27,,0.032661747,0.012337604,0.05027125,1.0062654,44.269108,0.20296416,0.01087886,,,
9/30/2004,-0.01522235,-0.01935846,57.77,76.30583457,1104.0701,1.65,,0.025378741,0.010009972,0.040645107,0.98064154,43.412128,0.18310189,-0.01522235,,,
12/31/2004,0.1044018,0.09710805,58.55,77.17354585,1106.3958,2.1900001,,0.032557027,0.004221973,0.016995144,1.097108,47.627792,0.31663722,0.1044018,0.7475595,0.129976151,0.108472599
3/31/2005,-0.0213502,-0.02558791,60.22,78.14284899,1123.8378,2.74,,0.031484647,0.004767291,0.019205961,0.97441208,46.409096,0.20183277,-0.021350199,,,
6/30/2005,0.02347523,0.01860829,63.26,81.58116931,1130.8135,2.97,,0.025303049,0.011797981,0.048033666,1.0186083,47.272694,0.22587028,0.02347523,,,
9/30/2005,0.04813482,0.04379694,66.47,83.86671698,1155.8137,3.4200001,,0.046866227,0.006888138,0.027838539,1.0437969,49.34309,0.20506327,0.048134819,,,
12/31/2005,0.02212903,0.01716682,69.83,89.00149296,1144.1852,3.8900001,,0.034155408,0.015031257,0.061494296,1.0171669,50.190155,0.24485077,0.022129031,0.94940354,0.073068682,0.05379971
3/31/2006,0.05810831,0.05343769,72.67,91.23049267,1161.6273,4.5100002,,0.033625404,-0.00157717,-0.006293772,1.0534377,52.872204,0.23441914,0.058108311,,,
6/30/2006,-0.01884098,-0.02372918,74.49,92.08656454,1179.6508,4.79,,0.043187758,0.011531761,0.046931085,0.97627079,51.617588,0.25844991,-0.01884098,,,
9/30/2006,0.04304006,0.03849545,78.57,97.13037154,1179.6514,4.8099999,,0.020624172,0.011670691,0.047506371,1.0384954,53.60463,0.23458181,0.04304006,,,
12/31/2006,0.07322494,0.06787079,81.51,101.314143,1173.2562,4.8499999,,0.0254076,0.003674674,0.014779913,1.0678707,57.242813,0.28700721,0.073224939,0.97230163,0.16214755,0.140518848
3/31/2007,0.01813748,0.01366599,83.15,101.5649036,1193.908,4.9400001,,0.027789206,0.000851254,0.003409364,1.013666,58.025097,0.25596067,0.018137479,,,
6/30/2007,0.06439333,0.05917839,84.92,102.233365,1211.3499,4.6100001,,0.026871596,0.012736563,0.051927863,1.0591784,61.458927,0.3025974,0.064393327,,,
9/30/2007,0.01958336,0.01507981,78.6,94.56222025,1212.1531,3.8900001,,0.027551953,0.011206849,0.045586603,1.0150799,62.385715,0.27678335,0.019583359,,,
12/31/2007,-0.02904479,-0.03400085,66.18,79.03389176,1221.1411,3,,0.040813677,0.004018655,0.016171777,0.96599913,60.264549,0.30918735,-0.02904479,1.12234863,0.072829001,0.052787988
3/31/2008,-0.09239121,-0.09689101,60.39,70.93989498,1241.4441,1.26,,0.039815547,0.007511217,0.030385075,0.90310901,54.425457,0.27117842,-0.092391208,,,
6/30/2008,-0.008421015,-0.01380746,51.37,58.88610372,1272.1829,1.86,2.3499999,0.050219181,0.012238298,0.049859202,0.98619252,53.673977,0.29315972,-0.008421015,,,
9/30/2008,-0.100139,-0.1049303,45.95,52.6807909,1271.996,1.13,1.86,0.049369094,0.016377216,0.067135786,0.89506972,48.041954,0.25716811,-0.100139,,,
12/31/2008,-0.2381778,-0.2440187,14.88,17.75385696,1222.2585,0.029999999,0.47,0.000915046,0.003598151,0.014470471,0.75598133,36.318821,0.28060824,-0.23817781,1.1306936,-0.383042765,-0.397343581
3/31/2009,-0.0980679,-0.1054544,6.86,8.089442525,1236.6826,0.20999999,0.62,-0.003835453,-0.017040974,-0.066441237,0.89454561,32.488842,0.26826897,-0.098067902,,,
6/30/2009,0.1819991,0.1748994,7.51,8.733417658,1254.0317,0.18000001,0.49000001,-0.01426776,0.009767526,0.039646267,1.1748995,38.17112,0.23066103,0.1819991,,,
9/30/2009,0.1676068,0.1617598,12.54,14.56419426,1255.6354,0.12,0.38,-0.012862147,0.010909673,0.044358026,1.1617599,44.345676,0.22318654,0.1676068,,,
12/31/2009,0.05735128,0.05156376,50.97,59.20300897,1255.5198,0.050000001,0.34999999,0.027212983,0.004338119,0.017465719,1.0515637,46.632305,0.25665149,0.05735128,1.00272478,0.316154584,0.283970723
3/31/2010,0.0611739,0.05613538,60.93,70.22484097,1265.2976,0.15000001,0.37,0.023138516,0.00362663,0.014585627,1.0561354,49.250031,0.2349578,0.061173901,,,
6/30/2010,-0.1100561,-0.1146558,67.1,77.21756498,1267.2394,0.12,0.30000001,0.01053219,0.00770339,0.031171447,0.88534421,43.60323,0.22653536,-0.1100561,,,
9/30/2010,0.1188848,0.1126022,71.86,82.51584987,1269.996,0.15000001,0.25,0.011436919,0.004470858,0.01800372,1.1126022,48.51305,0.27394164,0.1188848,,,
12/31/2010,0.1157079,0.1093276,77.35,88.52006431,1274.2981,0.14,0.28,0.014956594,0.004802952,0.019350662,1.1093276,53.81686,0.30952781,0.1157079,0.99208629,0.178922001,0.15406819
3/31/2011,0.06266682,0.05792237,81.31,91.26639707,1299.2275,0.1,0.23999999,0.026815747,0.005430737,0.021900545,1.0579224,56.934063,0.2553314,0.062666818,,,
6/30/2011,-0.0055248,-0.01036785,83.87,93.19939587,1312.3372,0.039999999,0.17,0.035587435,0.01373656,0.056088802,0.98963213,56.343777,0.27573451,-0.0055248,,,
9/30/2011,-0.1581595,-0.1626601,86.98,96.15819581,1319.1218,0.01,0.1,0.038681854,0.008888627,0.036031371,0.83733988,47.17889,0.25358081,-0.15815949,,,
12/31/2011,0.1139259,0.1071842,86.95,96.64341157,1312.0444,0.01,0.11,0.029621248,0.006352478,0.025653062,1.1071842,52.235722,0.31806591,0.1139259,1.09417453,-0.008991921,-0.029379942
3/31/2012,0.1259933,0.1200949,88.54,96.81476455,1333.673,0.079999998,0.18000001,0.026512293,0.000880476,0.003526558,1.1200949,58.508965,0.30810717,0.1259933,,,
6/30/2012,-0.03649247,-0.04207231,87.92,96.10079206,1334.1742,0.090000004,0.18000001,0.016639778,0.012165984,0.049559228,0.9579277,56.047359,0.32647067,-0.036492471,,,
9/30/2012,0.06481041,0.05873824,86.5,93.76050962,1345.3881,0.11,0.17,0.01991196,0.003869572,0.01556836,1.0587382,59.339481,0.34032908,0.06481041,,,
12/31/2012,0.003964953,-0.004243096,86.51,94.50893748,1334.8882,0.07,0.15000001,0.017410844,0.008021369,0.032473597,0.99575692,59.0877,0.48706138,0.003964953,1.29297283,0.15979641,0.131174152
3/31/2013,0.1041962,0.09850384,87.7,94.50337818,1353.3304,0.090000004,0.14,0.014739295,-0.000394657,-0.001577694,1.0985038,64.908066,0.33634847,0.1041962,,,
6/30/2013,0.02174505,0.01597665,90.95,97.698686,1357.5801,0.050000001,0.14,0.017543361,0.01080046,0.043906793,1.0159767,65.945076,0.3744157,0.02174505,,,
9/30/2013,0.06473392,0.05901159,94.37,101.0932111,1361.3301,0.02,0.11,0.011849369,0.005302704,0.021380123,1.0590116,69.836601,0.37735948,0.064733922,,,
12/31/2013,0.09615796,0.09043306,100.2,107.8452004,1354.9349,0.07,0.13,0.015017512,0.005107062,0.020585276,1.090433,76.152138,0.39980757,0.096157961,1.57518503,0.316749077,0.288798522
3/31/2014,0.01960583,0.01443182,100.85,107.0546141,1373.7957,0.050000001,0.12,0.015122176,0.001228915,0.004924728,1.0144318,77.251152,0.39401191,0.01960583,,,
6/30/2014,0.05092858,0.04549002,103.12,108.5227641,1385.7151,0.039999999,0.1,0.020724376,0.010853952,0.044127786,1.04549,80.765305,0.42013502,0.050928582,,,
9/30/2014,-0.005696334,-0.01067855,105.96,111.6577243,1383.9011,0.02,0.1,0.016580108,0.008161042,0.033045962,0.98932147,79.902855,0.40239018,-0.005696334,,,
12/31/2014,0.0402981,0.03472124,102.31,109.289425,1365.1869,0.029999999,0.2,0.007566415,0.002994141,0.012030459,1.0347213,82.677177,0.44560704,0.040298101,1.61634468,0.108363866,0.085684267
3/31/2015,0.01625207,0.01090417,99.25,105.4338157,1372.7859,0.029999999,0.23999999,-0.000735044,-0.003396631,-0.013517456,1.0109042,83.578705,0.44214928,0.016252071,,,
6/30/2015,-0.000151354,-0.005330513,94.91,99.75914462,1387.4315,0.02,0.25999999,0.001238638,0.006557282,0.026488244,0.9946695,83.133194,0.43286744,-0.000151354,,,
9/30/2015,-0.08108774,-0.08604942,90.66,95.56953552,1383.4023,0.02,0.34999999,-0.00036043,0.009185804,0.037252598,0.91395056,75.97963,0.41248029,-0.081087738,,,
12/31/2015,0.05386665,0.04780807,86.53,91.76350561,1375.1458,0.23,0.63,0.007294899,0.002164029,0.008684254,1.0478081,79.612061,0.46032867,0.053866651,1.73310405,-0.015999287,-0.037073286
3/31/2016,0.009710829,0.003639264,86.44,91.04945333,1384.4886,0.28999999,0.63999999,0.008524782,0.000565469,0.002263796,1.0036392,79.901787,0.4833698,0.009710829,,,
6/30/2016,0.02943055,0.0236595,86.92,90.45875022,1401.2675,0.27000001,0.54000002,0.009972384,0.007191009,0.029075791,1.0236595,81.792221,0.46111721,0.02943055,,,
9/30/2016,0.04555063,0.03999204,89.09,92.55964198,1403.6509,0.28999999,0.57999998,0.014636812,0.009930725,0.040318544,1.0399921,85.063263,0.45464942,0.045550629,,,
12/31/2016,0.03927375,0.03347965,94.55,98.23065615,1403.6743,0.50999999,0.83999997,0.0207458,0.004557039,0.018353135,1.0334797,87.911156,0.49286506,0.03927375,1.8594651,0.129455417,0.104244155
3/31/2017,0.05843514,0.05313834,100.29,103.1816557,1417.4479,0.74000001,0.98000002,0.023806119,0.003683094,0.014813966,1.0531384,92.582611,0.46564782,0.058435138,,,
6/30/2017,0.02891806,0.02352817,104.02,106.5150277,1424.1584,0.98000002,1.17,0.016335853,0.008745736,0.035444551,1.0235282,94.760918,0.49901009,0.02891806,,,
9/30/2017,0.04662452,0.04121415,107.08,108.8203499,1434.995,1.03,1.25,0.02233041,0.006127367,0.024735657,1.0412141,98.666405,0.51269162,0.046624519,,,
12/31/2017,0.06071707,0.05536966,109.88,111.7994813,1433.2792,1.3200001,1.65,0.021091004,0.007611266,0.030794419,1.0553696,104.12952,0.52760971,0.060717069,1.97021459,0.209025618,0.184485886
3/31/2018,-0.009498787,-0.01430358,115.44,116.0304901,1450.8964,1.7,2,0.023597693,0.003053081,0.012268364,0.98569643,102.6401,0.50032079,-0.009498787,,,
6/30/2018,0.03856739,0.03333497,122.48,121.9169076,1465.0536,1.9,2.25,0.028715345,0.010019135,0.040682871,1.033335,106.06161,0.53705609,0.03856739,,,
9/30/2018,0.06516875,0.05970281,130.39,129.5591763,1467.6693,2.1300001,2.47,0.022769626,0.008717504,0.035328642,1.0597028,112.39378,0.5797264,0.065168753,,,
12/31/2018,-0.1438096,-0.1487165,,,1460.6583,2.3699999,2.5699999,0.019102419,0.004600872,0.018530887,0.85128349,95.67897,0.55150503,-0.1438096,2.14471299,-0.061836647,-0.081154256
